"id","start_at","end_at","customer_id","agent_id"
"1","2016-05-23 15:17:43","2016-05-23 16:28:22","471","4"
"2","2021-12-18 03:25:29","2021-12-18 03:46:59","175","54"
"3","2017-08-10 07:03:50","2017-08-10 07:44:08","347","28"
"4","2023-01-08 09:41:03","2023-01-08 10:21:44","227","20"
"5","2023-01-04 00:24:24","2023-01-04 01:36:16","23","31"
"6","2017-07-10 10:21:22","2017-07-10 11:33:08","141","4"
"7","2022-11-16 11:48:34","2022-11-16 12:38:47","347","39"
"8","2023-11-04 23:33:51","2023-11-05 01:02:50","295","83"
"9","2018-12-17 07:15:59","2018-12-17 08:19:09","49","16"
"10","2018-04-20 23:57:10","2018-04-21 00:01:24","382","26"
"11","2015-04-23 20:09:50","2015-04-23 20:40:39","453","7"
"12","2014-09-10 10:33:35","2014-09-10 11:57:14","230","41"
"13","2020-04-13 01:51:34","2020-04-13 02:34:23","137","29"
"14","2018-08-16 09:00:07","2018-08-16 09:37:51","443","67"
"15","2016-05-20 23:25:47","2016-05-21 01:17:51","167","77"
"16","2022-04-29 09:16:26","2022-04-29 09:34:16","49","53"
"17","2023-03-04 09:37:33","2023-03-04 09:53:55","400","14"
"18","2020-06-01 22:38:02","2020-06-01 23:23:45","304","42"
"19","2022-07-21 21:50:11","2022-07-21 22:31:10","347","77"
"20","2019-10-10 11:03:08","2019-10-10 11:08:05","310","21"
"21","2022-12-24 08:40:34","2022-12-24 09:08:30","153","39"
"22","2021-01-06 15:24:53","2021-01-06 15:47:31","163","56"
"23","2016-01-05 03:30:21","2016-01-05 05:12:09","391","5"
"24","2019-01-09 07:09:44","2019-01-09 07:09:54","220","10"
"25","2017-01-05 10:41:26","2017-01-05 11:17:24","314","85"
"26","2018-01-06 14:32:27","2018-01-06 16:02:08","335","34"
"27","2020-06-30 01:57:15","2020-06-30 03:13:14","314","50"
"28","2023-04-22 05:42:03","2023-04-22 06:47:41","205","83"
"29","2015-04-16 20:32:12","2015-04-16 20:44:59","390","62"
"30","2019-01-07 23:19:55","2019-01-08 00:57:16","33","35"
"31","2021-07-23 09:57:08","2021-07-23 10:58:26","112","60"
"32","2014-10-01 20:00:28","2014-10-01 20:50:01","457","75"
"33","2023-08-16 14:07:57","2023-08-16 15:04:56","432","50"
"34","2017-09-01 03:05:50","2017-09-01 05:03:32","69","63"
"35","2023-08-12 00:13:09","2023-08-12 01:03:18","488","43"
"36","2019-06-24 13:18:57","2019-06-24 14:29:41","59","24"
"37","2019-11-02 12:49:35","2019-11-02 13:39:51","235","76"
"38","2016-06-14 08:00:36","2016-06-14 08:38:52","125","21"
"39","2017-10-26 17:13:13","2017-10-26 17:54:10","35","21"
"40","2015-03-01 05:53:26","2015-03-01 07:40:14","347","14"
"41","2016-09-14 09:44:23","2016-09-14 10:31:03","89","75"
"42","2020-02-10 16:18:59","2020-02-10 17:59:33","63","58"
"43","2018-04-30 19:34:08","2018-04-30 21:25:16","458","69"
"44","2020-05-02 14:07:51","2020-05-02 14:39:13","257","59"
"45","2020-09-24 08:36:49","2020-09-24 09:33:05","8","24"
"46","2019-08-10 05:56:27","2019-08-10 07:25:40","318","51"
"47","2018-07-02 06:17:40","2018-07-02 06:50:58","420","34"
"48","2020-06-07 17:02:51","2020-06-07 17:05:51","478","14"
"49","2016-03-24 05:54:57","2016-03-24 07:17:55","302","6"
"50","2018-08-29 10:46:32","2018-08-29 11:00:42","263","49"
"51","2021-08-08 17:11:12","2021-08-08 18:08:11","36","12"
"52","2019-11-07 12:54:38","2019-11-07 13:02:36","396","6"
"53","2016-11-28 07:09:57","2016-11-28 08:04:53","421","72"
"54","2015-04-03 05:52:32","2015-04-03 07:37:03","405","32"
"55","2020-08-28 21:58:05","2020-08-28 23:46:55","139","32"
"56","2023-08-23 07:34:32","2023-08-23 09:23:38","415","41"
"57","2023-10-04 17:37:29","2023-10-04 18:58:41","474","65"
"58","2017-10-03 19:50:54","2017-10-03 21:12:34","156","41"
"59","2019-11-01 20:58:37","2019-11-01 21:16:58","262","29"
"60","2019-06-24 10:43:39","2019-06-24 11:48:15","432","1"
"61","2019-11-03 20:29:52","2019-11-03 21:14:37","453","24"
"62","2016-07-08 00:37:30","2016-07-08 00:53:08","441","31"
"63","2014-11-08 21:31:05","2014-11-08 22:49:35","101","83"
"64","2022-12-06 06:20:36","2022-12-06 07:21:52","110","65"
"65","2022-03-30 18:45:46","2022-03-30 19:35:58","418","19"
"66","2015-04-12 00:51:19","2015-04-12 00:56:30","245","51"
"67","2016-07-02 08:55:10","2016-07-02 10:46:15","114","52"
"68","2017-01-21 08:47:58","2017-01-21 10:25:38","92","14"
"69","2014-08-05 13:36:05","2014-08-05 15:21:54","14","66"
"70","2017-02-01 06:54:21","2017-02-01 07:10:32","200","72"
"71","2023-04-16 20:09:58","2023-04-16 20:29:08","470","67"
"72","2023-06-07 03:39:45","2023-06-07 03:53:47","142","61"
"73","2020-08-19 03:26:26","2020-08-19 05:21:39","326","55"
"74","2014-11-02 22:46:32","2014-11-03 00:15:02","244","13"
"75","2023-09-22 01:09:53","2023-09-22 03:04:26","411","75"
"76","2020-01-11 23:29:54","2020-01-12 00:51:05","491","2"
"77","2017-10-31 18:38:23","2017-10-31 18:48:07","307","83"
"78","2019-02-19 19:39:04","2019-02-19 20:24:28","288","18"
"79","2016-04-08 05:48:08","2016-04-08 06:35:39","478","21"
"80","2020-06-30 03:10:34","2020-06-30 03:27:03","77","16"
"81","2022-05-21 00:36:25","2022-05-21 00:56:05","498","10"
"82","2015-06-16 07:05:26","2015-06-16 08:00:38","312","18"
"83","2019-01-31 17:01:55","2019-01-31 18:17:19","167","48"
"84","2021-05-09 17:37:02","2021-05-09 17:46:41","141","61"
"85","2019-11-06 22:11:07","2019-11-06 23:26:06","300","67"
"86","2017-03-28 11:46:05","2017-03-28 13:20:06","66","50"
"87","2022-12-17 13:17:50","2022-12-17 15:09:26","283","7"
"88","2014-10-08 19:46:29","2014-10-08 19:56:43","447","25"
"89","2020-01-18 07:45:29","2020-01-18 08:48:36","182","52"
"90","2016-10-01 01:04:27","2016-10-01 02:25:10","5","85"
"91","2014-11-18 19:55:34","2014-11-18 21:28:38","194","37"
"92","2020-05-24 12:15:47","2020-05-24 13:52:07","10","7"
"93","2017-06-27 16:26:41","2017-06-27 18:03:53","221","64"
"94","2016-09-24 15:43:29","2016-09-24 17:17:21","466","1"
"95","2019-08-08 14:49:26","2019-08-08 15:24:17","224","74"
"96","2023-11-12 18:13:24","2023-11-12 18:15:49","191","65"
"97","2021-06-06 02:02:34","2021-06-06 04:01:04","459","35"
"98","2017-02-05 13:28:03","2017-02-05 15:02:31","119","37"
"99","2016-03-15 16:06:21","2016-03-15 17:08:50","91","8"
"100","2019-09-25 18:29:11","2019-09-25 20:02:22","19","70"
"101","2023-04-18 18:26:55","2023-04-18 19:31:30","16","65"
"102","2021-01-24 00:38:02","2021-01-24 01:07:32","459","65"
"103","2020-04-17 12:21:23","2020-04-17 13:15:28","72","53"
"104","2018-04-23 03:14:13","2018-04-23 03:14:15","21","10"
"105","2017-02-05 08:47:59","2017-02-05 10:11:16","144","57"
"106","2018-08-28 15:13:10","2018-08-28 16:13:24","80","85"
"107","2023-07-12 10:54:48","2023-07-12 12:12:23","488","42"
"108","2021-07-22 02:48:53","2021-07-22 03:46:25","475","47"
"109","2020-03-10 06:32:39","2020-03-10 06:36:55","292","17"
"110","2018-11-01 20:19:01","2018-11-01 22:04:18","269","23"
"111","2015-01-26 19:03:25","2015-01-26 20:41:42","82","74"
"112","2018-07-02 04:02:37","2018-07-02 04:18:41","474","46"
"113","2017-11-03 07:13:44","2017-11-03 08:03:46","421","42"
"114","2021-07-07 16:11:04","2021-07-07 17:22:44","145","48"
"115","2022-08-16 09:30:22","2022-08-16 10:49:42","382","72"
"116","2023-12-13 18:01:14","2023-12-13 18:17:47","17","76"
"117","2016-01-19 15:23:02","2016-01-19 16:02:58","303","38"
"118","2014-04-30 13:21:46","2014-04-30 15:06:53","320","4"
"119","2018-07-03 22:00:43","2018-07-03 23:58:25","229","36"
"120","2021-09-26 14:26:53","2021-09-26 15:34:59","102","13"
"121","2023-03-14 01:32:21","2023-03-14 02:25:18","222","21"
"122","2014-06-16 12:56:43","2014-06-16 14:22:48","373","65"
"123","2023-12-14 08:27:50","2023-12-14 09:31:54","89","84"
"124","2016-09-26 03:09:31","2016-09-26 03:56:31","463","28"
"125","2017-10-28 21:48:09","2017-10-28 23:27:37","184","24"
"126","2016-09-26 04:00:26","2016-09-26 04:09:46","455","62"
"127","2020-07-27 16:40:14","2020-07-27 17:59:24","225","39"
"128","2016-01-06 15:40:20","2016-01-06 16:43:47","48","13"
"129","2023-01-10 03:22:15","2023-01-10 04:00:34","423","33"
"130","2020-03-24 16:39:00","2020-03-24 17:50:22","488","5"
"131","2014-10-05 23:33:59","2014-10-06 00:45:47","156","72"
"132","2020-11-24 21:13:41","2020-11-24 23:00:14","255","9"
"133","2017-06-25 19:58:43","2017-06-25 20:20:56","60","48"
"134","2022-11-04 15:09:06","2022-11-04 16:18:31","216","74"
"135","2020-03-23 05:14:51","2020-03-23 05:35:23","150","50"
"136","2016-06-06 15:37:02","2016-06-06 17:30:30","462","47"
"137","2021-02-23 06:51:48","2021-02-23 08:38:18","93","15"
"138","2017-03-04 06:40:04","2017-03-04 06:57:36","465","49"
"139","2021-01-20 01:25:25","2021-01-20 03:21:54","134","38"
"140","2018-04-16 02:45:33","2018-04-16 03:36:10","261","59"
"141","2015-07-12 00:20:47","2015-07-12 02:08:08","74","41"
"142","2015-08-04 15:17:02","2015-08-04 15:48:04","402","41"
"143","2018-09-04 01:34:47","2018-09-04 02:55:36","445","3"
"144","2019-03-15 04:05:15","2019-03-15 04:29:41","309","78"
"145","2020-02-15 22:07:22","2020-02-15 23:14:19","172","3"
"146","2018-07-12 21:44:24","2018-07-12 23:26:41","468","82"
"147","2021-11-25 10:48:33","2021-11-25 11:01:08","141","27"
"148","2020-10-03 08:02:13","2020-10-03 08:15:36","463","50"
"149","2019-11-17 18:36:33","2019-11-17 19:12:52","38","64"
"150","2021-10-10 01:45:34","2021-10-10 03:22:17","495","30"
"151","2021-03-19 03:08:22","2021-03-19 03:43:42","311","67"
"152","2018-05-13 05:18:43","2018-05-13 06:04:03","148","41"
"153","2015-01-01 20:58:42","2015-01-01 21:27:43","298","10"
"154","2014-12-09 07:34:34","2014-12-09 08:22:14","465","8"
"155","2021-09-02 11:56:20","2021-09-02 12:39:21","115","23"
"156","2022-08-18 19:39:09","2022-08-18 20:17:18","176","11"
"157","2016-03-29 04:15:19","2016-03-29 05:21:24","48","83"
"158","2018-05-12 11:28:12","2018-05-12 12:25:46","250","2"
"159","2021-04-29 02:08:30","2021-04-29 02:59:53","364","38"
"160","2021-10-30 16:30:41","2021-10-30 16:48:47","462","85"
"161","2017-03-26 21:47:07","2017-03-26 23:26:33","468","76"
"162","2017-09-17 16:27:52","2017-09-17 17:46:13","44","59"
"163","2022-12-01 18:56:35","2022-12-01 19:35:02","54","10"
"164","2017-12-19 21:42:06","2017-12-19 22:49:33","1","49"
"165","2016-08-21 13:08:15","2016-08-21 13:38:03","397","68"
"166","2019-03-04 06:59:48","2019-03-04 07:56:55","425","23"
"167","2017-03-16 08:58:32","2017-03-16 09:08:15","299","61"
"168","2019-05-09 03:15:55","2019-05-09 03:52:37","74","29"
"169","2020-05-02 05:42:47","2020-05-02 06:36:36","487","27"
"170","2023-10-03 22:25:15","2023-10-03 23:34:52","1","24"
"171","2020-02-09 11:01:50","2020-02-09 11:35:36","21","48"
"172","2018-11-07 13:26:30","2018-11-07 15:06:12","332","12"
"173","2023-01-10 20:23:05","2023-01-10 20:57:37","392","49"
"174","2015-12-24 13:08:09","2015-12-24 14:02:40","104","23"
"175","2016-07-01 06:50:48","2016-07-01 07:38:24","191","37"
"176","2017-05-23 09:03:10","2017-05-23 09:54:33","20","57"
"177","2019-08-29 17:36:38","2019-08-29 18:14:17","169","67"
"178","2017-04-26 19:09:06","2017-04-26 20:17:48","243","12"
"179","2018-10-13 05:08:24","2018-10-13 05:29:00","66","74"
"180","2019-07-02 00:31:21","2019-07-02 02:14:19","122","46"
"181","2017-06-22 10:50:53","2017-06-22 11:55:04","474","8"
"182","2021-04-28 08:41:41","2021-04-28 09:20:29","409","61"
"183","2020-12-05 07:17:02","2020-12-05 08:08:02","436","19"
"184","2023-12-03 23:50:25","2023-12-04 00:25:09","433","32"
"185","2015-06-07 04:40:25","2015-06-07 06:16:37","52","63"
"186","2018-09-25 17:31:07","2018-09-25 17:45:27","354","37"
"187","2019-12-05 13:50:51","2019-12-05 13:58:31","304","83"
"188","2016-09-06 11:34:00","2016-09-06 12:17:28","244","23"
"189","2019-12-01 22:20:57","2019-12-01 22:38:18","244","4"
"190","2019-01-26 12:19:05","2019-01-26 13:44:12","55","17"
"191","2014-02-06 21:22:12","2014-02-06 22:08:41","314","16"
"192","2019-09-11 10:04:22","2019-09-11 11:34:21","105","23"
"193","2016-06-11 00:25:02","2016-06-11 02:11:48","323","32"
"194","2018-07-11 22:23:05","2018-07-11 23:17:28","59","46"
"195","2020-05-23 18:09:20","2020-05-23 19:56:20","228","85"
"196","2021-11-28 10:41:14","2021-11-28 11:12:40","366","48"
"197","2019-03-04 02:31:52","2019-03-04 03:14:58","132","60"
"198","2014-12-05 13:17:07","2014-12-05 13:46:55","490","14"
"199","2014-03-13 15:28:23","2014-03-13 15:44:55","485","2"
"200","2015-10-25 07:37:53","2015-10-25 08:17:23","293","84"
"201","2022-04-22 19:55:35","2022-04-22 20:28:51","253","18"
"202","2019-06-24 22:13:04","2019-06-24 22:19:37","289","17"
"203","2023-05-16 13:46:52","2023-05-16 13:48:54","357","59"
"204","2022-03-31 15:14:36","2022-03-31 16:00:02","219","6"
"205","2017-11-09 07:07:02","2017-11-09 08:29:59","297","25"
"206","2021-06-19 21:57:52","2021-06-19 23:51:46","329","73"
"207","2014-09-05 17:53:16","2014-09-05 17:58:45","130","23"
"208","2019-05-03 18:43:52","2019-05-03 19:26:47","372","38"
"209","2019-10-01 07:59:00","2019-10-01 08:47:58","269","36"
"210","2014-03-30 16:51:18","2014-03-30 17:46:50","38","76"
"211","2016-07-28 13:30:07","2016-07-28 14:50:57","251","11"
"212","2016-09-30 20:27:58","2016-09-30 20:44:32","247","58"
"213","2017-11-28 01:51:39","2017-11-28 02:18:52","323","40"
"214","2023-04-01 19:07:19","2023-04-01 20:44:10","420","36"
"215","2014-08-21 16:34:53","2014-08-21 17:28:38","372","11"
"216","2015-06-27 16:11:26","2015-06-27 17:24:07","64","52"
"217","2020-07-10 14:24:08","2020-07-10 16:23:48","227","79"
"218","2016-03-11 22:46:17","2016-03-12 00:24:28","146","68"
"219","2018-04-13 20:32:09","2018-04-13 21:22:46","390","17"
"220","2023-06-04 20:33:37","2023-06-04 21:44:47","379","26"
"221","2015-11-02 10:42:06","2015-11-02 12:28:28","120","48"
"222","2014-04-16 13:24:44","2014-04-16 15:06:08","430","85"
"223","2024-01-02 19:47:51","2024-01-02 21:19:14","443","80"
"224","2022-04-11 19:54:21","2022-04-11 20:02:36","447","70"
"225","2022-02-06 23:34:49","2022-02-07 01:23:16","238","25"
"226","2015-10-30 22:23:56","2015-10-30 22:57:02","349","56"
"227","2016-01-19 03:59:43","2016-01-19 04:40:41","499","18"
"228","2020-01-12 05:58:02","2020-01-12 06:09:35","479","55"
"229","2018-01-30 04:08:54","2018-01-30 05:22:30","195","67"
"230","2019-04-02 21:01:44","2019-04-02 22:52:36","445","57"
"231","2022-04-19 21:57:02","2022-04-19 23:33:19","239","46"
"232","2019-02-17 08:52:40","2019-02-17 10:30:29","83","52"
"233","2016-10-03 04:45:23","2016-10-03 06:41:49","165","85"
"234","2014-03-23 04:16:32","2014-03-23 06:12:09","372","42"
"235","2020-02-09 03:47:59","2020-02-09 05:20:23","113","11"
"236","2014-10-21 09:14:35","2014-10-21 09:47:14","267","46"
"237","2017-05-31 01:34:58","2017-05-31 03:30:55","112","63"
"238","2016-12-03 13:34:39","2016-12-03 15:18:06","324","68"
"239","2015-10-12 18:46:01","2015-10-12 20:22:24","387","71"
"240","2015-08-08 01:47:12","2015-08-08 02:17:43","476","54"
"241","2014-08-10 10:52:55","2014-08-10 12:42:19","128","66"
"242","2016-06-15 02:37:57","2016-06-15 03:03:20","389","61"
"243","2019-03-10 17:37:48","2019-03-10 18:24:46","412","60"
"244","2016-12-02 02:29:37","2016-12-02 03:28:14","15","48"
"245","2022-01-23 15:50:15","2022-01-23 17:22:12","348","69"
"246","2021-09-05 03:36:48","2021-09-05 04:01:21","486","21"
"247","2021-09-21 08:16:04","2021-09-21 10:01:39","408","1"
"248","2020-07-03 02:16:56","2020-07-03 02:22:38","399","53"
"249","2016-11-30 16:17:28","2016-11-30 18:15:58","138","2"
"250","2018-04-09 13:55:04","2018-04-09 15:47:04","202","33"
"251","2015-09-25 05:00:23","2015-09-25 05:13:36","130","8"
"252","2017-03-29 00:31:01","2017-03-29 01:30:33","83","24"
"253","2021-08-01 13:17:22","2021-08-01 14:22:41","378","7"
"254","2022-01-05 13:43:57","2022-01-05 15:33:45","196","39"
"255","2020-02-03 16:21:56","2020-02-03 18:10:02","494","27"
"256","2016-11-10 07:36:20","2016-11-10 09:04:06","180","75"
"257","2020-12-11 01:45:44","2020-12-11 02:45:00","178","13"
"258","2019-08-15 13:36:19","2019-08-15 13:51:32","122","82"
"259","2023-09-24 22:33:34","2023-09-25 00:19:18","155","24"
"260","2016-12-18 00:47:06","2016-12-18 01:25:13","340","10"
"261","2020-04-10 15:42:36","2020-04-10 17:09:34","366","47"
"262","2016-11-23 23:01:55","2016-11-24 00:24:16","327","24"
"263","2014-04-01 04:42:13","2014-04-01 05:02:50","181","79"
"264","2017-05-21 09:10:33","2017-05-21 10:50:32","365","3"
"265","2019-06-25 04:36:23","2019-06-25 05:32:54","464","41"
"266","2023-07-31 19:12:13","2023-07-31 20:57:05","434","12"
"267","2015-05-21 14:17:15","2015-05-21 14:37:03","171","67"
"268","2018-02-07 14:58:43","2018-02-07 15:55:13","177","2"
"269","2023-12-05 22:11:43","2023-12-05 22:54:55","339","35"
"270","2018-03-12 17:24:35","2018-03-12 17:37:04","395","39"
"271","2018-05-02 14:43:15","2018-05-02 15:22:04","490","63"
"272","2023-10-20 07:28:16","2023-10-20 08:07:42","125","28"
"273","2014-09-19 10:08:27","2014-09-19 10:32:40","492","4"
"274","2018-07-30 23:34:03","2018-07-31 01:25:51","219","15"
"275","2015-10-15 14:38:14","2015-10-15 16:03:29","90","10"
"276","2014-09-12 14:47:33","2014-09-12 15:37:09","445","12"
"277","2023-05-07 19:57:57","2023-05-07 21:56:30","339","29"
"278","2015-12-01 15:36:29","2015-12-01 16:53:01","13","60"
"279","2023-05-28 12:53:56","2023-05-28 13:01:55","85","64"
"280","2015-04-29 14:07:01","2015-04-29 14:37:16","64","71"
"281","2020-04-03 20:57:32","2020-04-03 20:58:44","61","29"
"282","2016-08-20 10:00:18","2016-08-20 10:51:59","404","29"
"283","2021-08-06 05:13:23","2021-08-06 06:21:03","4","20"
"284","2018-06-15 15:47:26","2018-06-15 16:34:52","206","42"
"285","2021-09-27 08:03:24","2021-09-27 09:24:33","226","12"
"286","2014-09-13 08:15:21","2014-09-13 08:57:13","385","19"
"287","2016-12-04 12:59:20","2016-12-04 13:31:12","308","78"
"288","2014-02-28 23:36:58","2014-02-28 23:55:09","74","76"
"289","2014-07-14 08:22:55","2014-07-14 09:35:04","171","19"
"290","2023-09-21 01:15:48","2023-09-21 01:27:14","382","78"
"291","2019-12-20 12:01:41","2019-12-20 13:14:41","332","2"
"292","2019-04-20 09:44:58","2019-04-20 10:38:37","239","18"
"293","2014-09-04 10:23:17","2014-09-04 11:10:46","96","14"
"294","2020-05-16 07:12:20","2020-05-16 08:04:48","118","73"
"295","2014-07-19 20:11:02","2014-07-19 22:03:27","33","47"
"296","2023-08-05 23:00:54","2023-08-06 00:08:25","389","8"
"297","2020-11-24 21:14:46","2020-11-24 22:51:39","257","17"
"298","2015-12-19 17:09:26","2015-12-19 17:15:01","348","74"
"299","2017-06-18 02:10:36","2017-06-18 03:08:07","438","42"
"300","2022-06-16 09:38:17","2022-06-16 11:06:26","238","80"
"301","2022-11-29 03:25:28","2022-11-29 04:29:28","382","76"
"302","2014-07-08 07:10:23","2014-07-08 08:38:18","275","35"
"303","2021-09-10 22:19:06","2021-09-10 23:26:09","48","9"
"304","2017-08-20 05:34:18","2017-08-20 06:17:46","51","28"
"305","2021-02-10 02:24:13","2021-02-10 03:17:22","332","46"
"306","2014-07-27 15:41:14","2014-07-27 16:23:31","7","1"
"307","2014-05-15 16:09:21","2014-05-15 17:26:34","138","40"
"308","2024-01-09 08:46:02","2024-01-09 10:39:56","118","8"
"309","2017-09-24 16:15:45","2017-09-24 17:26:44","451","83"
"310","2014-04-18 15:34:13","2014-04-18 16:26:08","167","48"
"311","2017-01-12 11:10:53","2017-01-12 13:06:01","384","31"
"312","2022-03-13 11:33:39","2022-03-13 12:16:52","65","8"
"313","2015-02-09 09:15:09","2015-02-09 09:51:08","383","10"
"314","2015-01-05 20:19:57","2015-01-05 20:44:26","285","49"
"315","2018-01-19 08:22:32","2018-01-19 10:17:39","360","39"
"316","2018-09-20 11:29:20","2018-09-20 12:04:24","240","21"
"317","2018-03-08 08:32:37","2018-03-08 09:11:50","110","35"
"318","2021-10-13 12:58:02","2021-10-13 13:09:05","240","73"
"319","2021-08-30 23:33:08","2021-08-31 00:15:30","210","35"
"320","2017-08-04 20:51:30","2017-08-04 22:06:02","369","3"
"321","2020-06-23 08:57:39","2020-06-23 09:02:06","433","51"
"322","2020-06-19 18:57:45","2020-06-19 20:48:46","64","2"
"323","2022-03-04 23:34:21","2022-03-05 00:29:38","399","22"
"324","2022-10-02 05:09:42","2022-10-02 05:15:36","1","37"
"325","2018-08-01 02:13:51","2018-08-01 02:34:41","194","29"
"326","2024-01-03 05:29:08","2024-01-03 06:27:02","285","84"
"327","2018-07-05 04:53:38","2018-07-05 05:52:22","135","1"
"328","2014-03-01 09:10:25","2014-03-01 10:42:30","194","72"
"329","2022-03-26 05:50:54","2022-03-26 07:46:17","251","23"
"330","2016-03-02 00:07:49","2016-03-02 01:08:50","42","58"
"331","2020-06-30 03:29:19","2020-06-30 03:45:45","473","33"
"332","2014-06-05 23:25:22","2014-06-06 01:18:53","402","5"
"333","2016-11-23 15:20:30","2016-11-23 15:33:58","158","5"
"334","2022-03-13 10:33:14","2022-03-13 12:12:44","99","26"
"335","2022-11-18 11:58:45","2022-11-18 12:24:13","71","67"
"336","2014-05-03 06:31:37","2014-05-03 07:28:29","230","53"
"337","2018-10-24 07:50:25","2018-10-24 08:31:52","435","15"
"338","2022-10-30 03:22:13","2022-10-30 03:31:36","488","2"
"339","2017-11-07 19:57:17","2017-11-07 20:55:55","422","84"
"340","2023-06-08 14:52:25","2023-06-08 15:02:20","16","24"
"341","2015-11-28 04:42:35","2015-11-28 06:26:13","232","45"
"342","2022-10-12 03:22:55","2022-10-12 04:53:16","239","32"
"343","2022-04-01 07:47:14","2022-04-01 08:37:46","124","25"
"344","2014-03-07 18:14:30","2014-03-07 19:15:29","296","68"
"345","2017-04-04 11:44:47","2017-04-04 11:58:32","114","60"
"346","2020-12-04 17:05:34","2020-12-04 18:06:09","256","9"
"347","2018-10-02 11:41:52","2018-10-02 12:26:28","114","59"
"348","2017-11-02 05:49:56","2017-11-02 06:45:01","36","40"
"349","2015-10-26 20:12:48","2015-10-26 21:42:31","255","7"
"350","2019-08-26 02:31:43","2019-08-26 03:39:16","98","84"
"351","2022-07-02 09:02:33","2022-07-02 09:24:08","424","46"
"352","2017-09-06 17:56:57","2017-09-06 18:35:25","352","44"
"353","2018-12-24 12:12:06","2018-12-24 13:28:26","36","66"
"354","2014-02-02 03:25:47","2014-02-02 04:48:15","182","19"
"355","2018-12-19 07:20:13","2018-12-19 07:38:55","36","26"
"356","2022-12-15 20:36:48","2022-12-15 22:34:10","13","7"
"357","2021-05-04 20:27:28","2021-05-04 21:34:29","229","44"
"358","2018-08-08 23:00:18","2018-08-08 23:50:45","123","83"
"359","2015-01-23 00:11:51","2015-01-23 00:54:55","257","20"
"360","2020-08-07 16:41:50","2020-08-07 18:40:02","16","71"
"361","2014-02-15 00:50:06","2014-02-15 02:43:03","441","43"
"362","2023-01-14 17:12:51","2023-01-14 17:45:02","357","38"
"363","2015-09-25 07:15:50","2015-09-25 07:18:29","40","20"
"364","2022-11-03 23:31:30","2022-11-03 23:37:48","284","12"
"365","2017-11-05 23:49:26","2017-11-06 00:50:15","262","32"
"366","2019-12-14 04:20:58","2019-12-14 05:11:12","15","12"
"367","2023-04-14 07:42:40","2023-04-14 08:32:40","55","54"
"368","2022-02-26 09:31:25","2022-02-26 10:11:20","196","81"
"369","2018-10-05 23:04:23","2018-10-06 00:14:55","360","12"
"370","2021-04-09 16:12:13","2021-04-09 16:19:15","123","77"
"371","2019-03-03 14:06:32","2019-03-03 15:40:51","88","25"
"372","2015-03-05 09:03:48","2015-03-05 09:33:43","295","66"
"373","2023-02-10 00:35:37","2023-02-10 00:49:05","447","34"
"374","2019-11-02 09:56:29","2019-11-02 10:08:44","406","74"
"375","2018-08-14 04:26:28","2018-08-14 05:45:16","346","28"
"376","2017-08-08 07:40:46","2017-08-08 09:01:07","457","82"
"377","2020-04-02 03:19:09","2020-04-02 03:52:23","327","1"
"378","2023-09-21 05:59:38","2023-09-21 06:52:42","358","61"
"379","2022-05-29 20:32:31","2022-05-29 21:51:26","264","3"
"380","2016-03-30 08:28:55","2016-03-30 09:20:58","87","45"
"381","2021-02-10 21:39:53","2021-02-10 23:34:06","457","82"
"382","2020-06-14 06:17:41","2020-06-14 06:20:23","72","23"
"383","2019-03-25 05:41:29","2019-03-25 06:45:32","87","41"
"384","2020-02-26 22:16:28","2020-02-27 00:10:30","151","8"
"385","2023-11-05 21:31:19","2023-11-05 22:52:54","19","75"
"386","2016-07-16 11:32:41","2016-07-16 12:19:42","360","77"
"387","2016-09-23 11:22:26","2016-09-23 11:32:23","247","10"
"388","2020-10-21 13:39:33","2020-10-21 14:53:46","266","64"
"389","2014-12-17 23:47:54","2014-12-17 23:54:24","300","19"
"390","2023-10-08 13:45:09","2023-10-08 15:27:41","423","1"
"391","2016-04-02 05:43:27","2016-04-02 07:16:24","180","11"
"392","2022-04-24 16:18:38","2022-04-24 17:11:14","370","62"
"393","2021-03-15 16:27:01","2021-03-15 17:04:14","235","67"
"394","2023-12-31 09:13:19","2023-12-31 10:18:06","88","72"
"395","2016-06-10 19:35:37","2016-06-10 21:24:25","383","36"
"396","2021-07-08 14:32:15","2021-07-08 15:06:09","202","39"
"397","2023-09-21 09:39:13","2023-09-21 10:15:42","100","85"
"398","2023-04-02 03:44:05","2023-04-02 05:21:30","251","23"
"399","2022-08-07 04:55:06","2022-08-07 06:24:45","333","5"
"400","2015-06-01 22:34:32","2015-06-01 22:50:14","458","78"
"401","2023-06-07 17:35:38","2023-06-07 18:16:37","149","70"
"402","2023-10-15 04:28:50","2023-10-15 05:59:08","253","49"
"403","2016-08-24 13:31:33","2016-08-24 15:24:06","490","70"
"404","2020-12-01 19:44:53","2020-12-01 20:53:56","426","30"
"405","2018-08-19 02:47:32","2018-08-19 03:25:29","266","12"
"406","2017-07-12 10:03:25","2017-07-12 10:27:53","246","44"
"407","2015-06-17 20:57:46","2015-06-17 21:05:36","182","80"
"408","2021-04-05 01:49:15","2021-04-05 02:23:33","476","19"
"409","2018-05-17 11:27:07","2018-05-17 12:28:07","77","12"
"410","2020-04-18 04:21:21","2020-04-18 06:00:20","361","61"
"411","2018-09-17 07:13:47","2018-09-17 07:14:21","212","61"
"412","2015-01-04 12:50:22","2015-01-04 13:32:33","473","2"
"413","2022-06-24 15:47:25","2022-06-24 17:07:10","287","85"
"414","2020-09-09 14:17:33","2020-09-09 15:21:08","153","33"
"415","2020-06-06 07:07:00","2020-06-06 07:49:36","101","3"
"416","2015-09-06 04:52:01","2015-09-06 05:02:59","56","26"
"417","2023-10-14 19:54:40","2023-10-14 20:31:21","448","32"
"418","2016-03-20 21:28:11","2016-03-20 22:59:56","347","51"
"419","2017-03-04 02:02:52","2017-03-04 03:15:39","434","4"
"420","2016-05-14 20:02:46","2016-05-14 21:36:27","164","78"
"421","2016-06-16 02:44:16","2016-06-16 04:40:16","424","78"
"422","2017-07-28 10:29:06","2017-07-28 11:08:04","365","7"
"423","2014-05-31 14:41:25","2014-05-31 16:34:19","260","21"
"424","2018-11-27 10:58:47","2018-11-27 12:06:01","198","58"
"425","2018-03-09 19:56:22","2018-03-09 20:42:53","77","73"
"426","2014-06-17 22:58:16","2014-06-18 00:52:24","137","25"
"427","2018-12-01 02:34:09","2018-12-01 03:31:14","197","57"
"428","2014-02-25 19:00:30","2014-02-25 19:09:36","438","74"
"429","2018-06-26 21:44:50","2018-06-26 21:53:46","308","44"
"430","2021-05-26 03:36:22","2021-05-26 04:36:21","61","65"
"431","2020-05-31 08:14:43","2020-05-31 08:37:01","268","74"
"432","2015-12-30 06:00:27","2015-12-30 06:45:09","63","14"
"433","2019-07-26 15:22:14","2019-07-26 16:51:07","410","61"
"434","2021-11-26 07:35:40","2021-11-26 08:58:53","153","72"
"435","2014-09-26 22:00:17","2014-09-26 22:14:34","79","44"
"436","2019-02-16 18:26:23","2019-02-16 19:12:25","5","51"
"437","2016-04-11 14:48:40","2016-04-11 15:46:22","173","27"
"438","2018-11-19 21:05:58","2018-11-19 22:54:24","452","13"
"439","2020-11-02 16:32:44","2020-11-02 17:26:33","477","64"
"440","2016-09-04 05:00:03","2016-09-04 06:49:04","287","19"
"441","2020-08-20 16:03:21","2020-08-20 17:33:38","360","13"
"442","2022-10-04 20:03:26","2022-10-04 21:02:58","79","44"
"443","2021-08-13 14:04:06","2021-08-13 15:26:37","97","64"
"444","2019-05-11 11:48:03","2019-05-11 13:33:48","179","20"
"445","2018-03-23 02:15:59","2018-03-23 04:01:57","234","1"
"446","2018-07-06 17:11:10","2018-07-06 17:57:44","298","5"
"447","2016-05-06 23:17:39","2016-05-07 00:47:00","393","69"
"448","2020-05-03 00:55:36","2020-05-03 02:08:48","330","20"
"449","2020-09-08 05:34:09","2020-09-08 06:18:09","166","24"
"450","2019-12-03 04:32:52","2019-12-03 05:35:18","496","61"
"451","2022-08-24 15:08:33","2022-08-24 15:50:29","396","67"
"452","2021-05-01 05:00:22","2021-05-01 05:45:25","182","4"
"453","2023-07-08 14:51:15","2023-07-08 15:34:11","395","49"
"454","2020-02-09 00:18:08","2020-02-09 01:39:24","290","58"
"455","2018-03-29 11:35:05","2018-03-29 12:38:29","313","53"
"456","2022-11-01 11:59:06","2022-11-01 12:48:29","472","49"
"457","2020-01-14 03:50:15","2020-01-14 04:44:13","283","48"
"458","2016-05-24 16:08:56","2016-05-24 17:17:55","469","77"
"459","2015-02-17 10:53:10","2015-02-17 11:49:27","119","55"
"460","2023-12-17 01:47:00","2023-12-17 01:51:10","369","19"
"461","2016-01-04 23:07:22","2016-01-05 00:38:28","308","82"
"462","2022-07-04 22:52:16","2022-07-04 23:07:45","483","49"
"463","2019-10-12 04:01:07","2019-10-12 04:13:02","23","54"
"464","2023-10-23 21:16:53","2023-10-23 21:19:27","184","45"
"465","2023-11-26 14:38:17","2023-11-26 16:20:20","130","31"
"466","2023-11-12 11:14:21","2023-11-12 11:30:01","98","77"
"467","2023-05-28 03:49:36","2023-05-28 05:16:27","392","12"
"468","2015-05-12 07:08:10","2015-05-12 08:11:58","339","1"
"469","2022-04-08 00:21:20","2022-04-08 00:25:00","199","44"
"470","2022-10-23 21:11:37","2022-10-23 21:14:09","23","24"
"471","2017-09-26 03:47:59","2017-09-26 05:32:16","398","21"
"472","2020-06-07 02:03:43","2020-06-07 03:26:11","191","3"
"473","2022-10-01 02:17:10","2022-10-01 02:30:53","414","41"
"474","2022-06-17 03:31:02","2022-06-17 04:36:57","398","78"
"475","2015-08-03 10:59:01","2015-08-03 12:18:16","261","40"
"476","2014-04-22 01:22:45","2014-04-22 02:15:42","173","63"
"477","2015-12-02 11:25:25","2015-12-02 11:31:45","34","38"
"478","2022-10-10 09:20:11","2022-10-10 10:32:55","121","1"
"479","2015-03-17 11:57:21","2015-03-17 12:49:45","492","63"
"480","2023-01-15 10:46:51","2023-01-15 12:22:46","336","33"
"481","2023-05-10 20:43:34","2023-05-10 20:44:26","80","41"
"482","2014-11-10 23:27:35","2014-11-11 00:33:50","435","12"
"483","2023-04-04 20:35:09","2023-04-04 21:50:55","67","57"
"484","2017-02-23 18:40:15","2017-02-23 20:27:03","481","83"
"485","2018-02-25 19:27:54","2018-02-25 20:54:41","353","52"
"486","2021-05-25 22:05:56","2021-05-25 23:07:14","485","16"
"487","2015-01-16 10:11:15","2015-01-16 11:32:51","434","79"
"488","2017-04-24 14:26:56","2017-04-24 14:35:29","372","24"
"489","2015-06-05 15:16:42","2015-06-05 15:42:15","233","82"
"490","2015-03-17 20:46:54","2015-03-17 21:22:24","404","6"
"491","2023-07-14 14:42:23","2023-07-14 16:08:14","345","22"
"492","2021-10-05 20:14:23","2021-10-05 21:22:51","173","34"
"493","2014-02-25 22:08:30","2014-02-25 23:24:23","366","43"
"494","2015-03-04 04:32:03","2015-03-04 06:09:13","36","16"
"495","2020-04-23 20:21:34","2020-04-23 21:51:05","164","57"
"496","2020-05-22 18:19:02","2020-05-22 19:37:04","351","58"
"497","2015-02-23 08:57:06","2015-02-23 09:25:26","321","31"
"498","2015-06-22 08:34:31","2015-06-22 09:43:43","393","3"
"499","2018-06-27 00:01:13","2018-06-27 01:21:16","16","79"
"500","2018-11-06 05:07:11","2018-11-06 05:18:25","491","9"
"501","2017-03-18 14:02:31","2017-03-18 15:18:10","321","39"
"502","2022-03-04 09:00:04","2022-03-04 10:27:51","482","70"
"503","2018-11-23 23:08:25","2018-11-24 00:13:12","234","84"
"504","2019-08-17 19:52:35","2019-08-17 21:05:47","411","40"
"505","2024-01-01 23:17:24","2024-01-02 01:11:50","325","74"
"506","2015-12-13 05:56:44","2015-12-13 06:56:06","233","80"
"507","2021-06-14 14:39:32","2021-06-14 14:54:41","150","70"
"508","2017-08-06 16:15:02","2017-08-06 16:32:50","430","81"
"509","2015-10-15 21:23:51","2015-10-15 23:06:21","83","81"
"510","2014-09-07 14:09:08","2014-09-07 14:34:32","464","45"
"511","2021-01-18 04:27:54","2021-01-18 05:38:13","396","56"
"512","2018-04-07 04:19:31","2018-04-07 05:12:25","451","34"
"513","2017-11-20 09:23:44","2017-11-20 11:08:21","365","41"
"514","2015-01-18 21:57:38","2015-01-18 22:15:39","454","50"
"515","2014-03-22 00:44:20","2014-03-22 01:07:05","169","23"
"516","2015-06-03 17:17:12","2015-06-03 17:45:13","209","8"
"517","2016-03-30 08:29:27","2016-03-30 10:24:08","254","73"
"518","2015-07-12 19:54:40","2015-07-12 21:25:05","356","28"
"519","2018-12-23 10:22:33","2018-12-23 10:51:44","168","64"
"520","2020-12-17 20:14:20","2020-12-17 20:55:40","230","73"
"521","2018-05-12 10:14:35","2018-05-12 10:14:50","306","12"
"522","2015-08-12 09:00:03","2015-08-12 09:16:04","202","41"
"523","2022-03-03 04:59:09","2022-03-03 05:30:38","87","65"
"524","2017-05-21 10:37:36","2017-05-21 10:42:13","172","77"
"525","2014-12-31 08:29:16","2014-12-31 10:13:53","317","17"
"526","2023-04-11 19:17:55","2023-04-11 21:09:01","295","11"
"527","2019-07-02 12:46:43","2019-07-02 13:47:35","226","29"
"528","2018-07-13 03:20:17","2018-07-13 03:30:23","61","58"
"529","2015-04-25 07:21:04","2015-04-25 08:42:23","370","61"
"530","2016-01-22 18:02:41","2016-01-22 19:11:09","375","7"
"531","2019-11-22 15:02:01","2019-11-22 15:50:03","137","2"
"532","2023-01-23 03:57:18","2023-01-23 05:04:30","190","61"
"533","2016-01-26 22:20:58","2016-01-26 23:10:16","386","60"
"534","2018-08-07 10:00:12","2018-08-07 10:07:43","121","68"
"535","2021-07-22 07:49:58","2021-07-22 08:58:13","114","74"
"536","2020-06-18 15:10:23","2020-06-18 16:25:55","299","49"
"537","2019-11-30 04:17:24","2019-11-30 05:01:35","343","19"
"538","2023-09-14 16:08:00","2023-09-14 16:52:54","390","39"
"539","2018-04-15 07:18:09","2018-04-15 07:55:15","209","4"
"540","2019-04-09 21:41:50","2019-04-09 22:26:36","24","27"
"541","2014-08-14 05:32:04","2014-08-14 06:20:41","153","77"
"542","2015-08-23 11:10:10","2015-08-23 12:08:37","384","76"
"543","2020-09-16 03:36:17","2020-09-16 05:02:58","406","60"
"544","2014-05-30 11:53:06","2014-05-30 13:05:29","292","34"
"545","2016-11-01 15:40:16","2016-11-01 17:31:37","118","71"
"546","2018-01-11 12:09:56","2018-01-11 12:56:39","34","51"
"547","2016-05-10 10:43:10","2016-05-10 11:55:49","458","36"
"548","2015-12-26 19:33:51","2015-12-26 19:45:17","206","35"
"549","2017-09-19 01:12:07","2017-09-19 01:58:42","51","31"
"550","2017-04-02 07:40:15","2017-04-02 09:39:56","47","82"
"551","2015-08-11 17:40:22","2015-08-11 18:58:02","290","11"
"552","2023-01-11 13:56:18","2023-01-11 14:12:17","484","1"
"553","2014-04-11 09:35:23","2014-04-11 11:10:34","34","31"
"554","2014-10-19 00:10:58","2014-10-19 00:19:48","489","16"
"555","2014-05-26 10:05:35","2014-05-26 11:41:16","309","27"
"556","2020-10-23 13:58:38","2020-10-23 14:10:44","500","44"
"557","2015-03-29 07:48:21","2015-03-29 09:11:11","406","53"
"558","2018-10-19 00:37:15","2018-10-19 01:25:58","335","63"
"559","2021-05-29 08:44:41","2021-05-29 10:30:56","338","20"
"560","2018-01-17 19:33:03","2018-01-17 20:20:33","105","60"
"561","2018-02-22 05:25:20","2018-02-22 05:41:27","174","39"
"562","2022-12-13 09:13:03","2022-12-13 11:05:47","186","27"
"563","2020-01-19 08:21:17","2020-01-19 08:41:55","251","35"
"564","2016-09-27 18:44:53","2016-09-27 19:47:34","240","4"
"565","2016-09-04 20:14:11","2016-09-04 20:14:28","177","1"
"566","2016-10-11 16:30:34","2016-10-11 18:24:57","226","4"
"567","2017-01-13 10:19:16","2017-01-13 10:38:43","8","69"
"568","2022-12-11 03:15:53","2022-12-11 04:24:14","485","46"
"569","2016-06-07 19:29:04","2016-06-07 20:50:23","467","12"
"570","2020-03-07 17:05:49","2020-03-07 18:38:53","149","55"
"571","2015-08-12 21:10:15","2015-08-12 22:41:04","200","59"
"572","2022-08-31 12:58:48","2022-08-31 13:27:41","21","22"
"573","2022-09-21 00:58:10","2022-09-21 01:29:53","444","54"
"574","2015-08-12 07:20:17","2015-08-12 08:27:15","494","63"
"575","2023-02-21 11:20:51","2023-02-21 12:24:56","111","11"
"576","2019-04-05 09:58:12","2019-04-05 11:17:03","203","26"
"577","2014-08-06 11:52:13","2014-08-06 13:10:25","166","37"
"578","2019-09-25 15:35:01","2019-09-25 15:43:00","282","35"
"579","2023-04-21 15:02:20","2023-04-21 15:53:59","218","28"
"580","2014-07-12 00:26:25","2014-07-12 01:34:44","152","65"
"581","2014-11-01 01:58:37","2014-11-01 03:48:22","459","84"
"582","2019-06-16 00:04:01","2019-06-16 00:39:55","405","80"
"583","2019-12-05 21:06:45","2019-12-05 21:37:00","131","39"
"584","2014-02-28 07:05:23","2014-02-28 08:14:16","420","12"
"585","2016-06-09 01:49:17","2016-06-09 03:30:08","108","32"
"586","2019-05-13 03:45:03","2019-05-13 04:43:31","464","28"
"587","2018-09-02 18:38:16","2018-09-02 20:21:00","294","32"
"588","2023-09-15 04:43:09","2023-09-15 06:39:12","139","28"
"589","2017-01-19 20:39:06","2017-01-19 21:24:03","27","83"
"590","2016-09-25 03:37:12","2016-09-25 04:31:05","210","73"
"591","2021-07-30 12:24:21","2021-07-30 12:34:34","409","74"
"592","2020-02-14 04:33:39","2020-02-14 05:38:07","183","84"
"593","2016-10-03 04:45:58","2016-10-03 05:20:44","287","24"
"594","2019-05-15 03:42:40","2019-05-15 05:34:42","488","59"
"595","2017-04-17 10:20:32","2017-04-17 10:57:38","403","80"
"596","2017-04-30 13:52:31","2017-04-30 14:43:25","60","67"
"597","2024-01-09 08:19:32","2024-01-09 09:36:25","443","11"
"598","2022-06-18 23:26:13","2022-06-19 00:36:14","396","84"
"599","2015-11-20 18:26:14","2015-11-20 19:26:35","253","30"
"600","2021-09-29 11:15:49","2021-09-29 12:18:15","72","29"
"601","2014-12-21 23:05:51","2014-12-21 23:15:37","7","2"
"602","2023-07-07 15:11:23","2023-07-07 15:13:00","423","31"
"603","2023-03-24 14:45:16","2023-03-24 15:18:00","33","15"
"604","2020-02-13 07:41:21","2020-02-13 08:32:45","40","72"
"605","2020-07-27 10:38:40","2020-07-27 12:26:13","334","42"
"606","2023-05-29 23:32:24","2023-05-30 01:04:15","185","54"
"607","2019-08-17 21:43:49","2019-08-17 21:46:08","416","60"
"608","2022-03-24 15:17:09","2022-03-24 16:04:09","489","34"
"609","2017-02-11 16:32:38","2017-02-11 17:43:54","269","39"
"610","2017-10-08 10:41:48","2017-10-08 10:49:59","263","43"
"611","2019-11-15 13:48:47","2019-11-15 14:37:25","89","71"
"612","2015-07-22 01:16:30","2015-07-22 02:48:00","480","64"
"613","2015-01-17 06:01:49","2015-01-17 07:35:03","69","28"
"614","2023-07-24 01:34:28","2023-07-24 01:40:28","322","3"
"615","2018-07-12 18:29:44","2018-07-12 20:29:32","442","64"
"616","2014-06-17 21:15:58","2014-06-17 21:36:29","283","7"
"617","2014-12-02 22:06:40","2014-12-02 22:45:47","367","55"
"618","2021-03-13 11:33:36","2021-03-13 12:35:06","7","30"
"619","2016-03-14 09:13:12","2016-03-14 10:55:07","352","47"
"620","2023-03-14 19:00:02","2023-03-14 19:48:21","115","2"
"621","2016-09-11 05:23:27","2016-09-11 07:22:45","74","1"
"622","2018-01-17 23:59:00","2018-01-18 01:42:34","316","4"
"623","2017-02-10 09:14:13","2017-02-10 10:15:34","424","76"
"624","2019-02-20 12:35:09","2019-02-20 12:58:55","320","21"
"625","2019-08-06 04:21:08","2019-08-06 05:25:28","49","81"
"626","2022-01-25 03:24:29","2022-01-25 04:24:37","62","55"
"627","2015-05-27 17:03:05","2015-05-27 18:57:12","140","9"
"628","2021-07-12 08:55:01","2021-07-12 10:49:34","363","66"
"629","2014-01-13 05:16:57","2014-01-13 05:32:54","126","79"
"630","2020-06-25 08:09:14","2020-06-25 09:40:05","100","32"
"631","2023-07-26 23:19:09","2023-07-26 23:20:18","412","31"
"632","2019-05-16 12:07:12","2019-05-16 12:19:37","76","51"
"633","2020-06-08 15:49:23","2020-06-08 16:54:28","447","13"
"634","2022-12-27 01:45:48","2022-12-27 02:04:34","31","78"
"635","2017-03-19 19:13:47","2017-03-19 21:03:53","437","82"
"636","2022-09-19 05:19:33","2022-09-19 06:49:50","482","85"
"637","2014-01-09 17:09:44","2014-01-09 18:53:05","232","35"
"638","2022-04-25 08:04:32","2022-04-25 09:19:48","394","46"
"639","2017-01-03 20:47:01","2017-01-03 21:06:37","409","40"
"640","2014-07-04 13:06:29","2014-07-04 14:36:48","142","11"
"641","2014-02-02 15:07:22","2014-02-02 16:48:54","337","79"
"642","2023-07-19 19:55:47","2023-07-19 21:03:19","146","81"
"643","2014-11-09 22:12:18","2014-11-09 22:47:59","77","21"
"644","2018-05-31 06:11:48","2018-05-31 08:10:29","165","41"
"645","2019-02-26 09:01:30","2019-02-26 10:39:36","379","26"
"646","2014-04-05 22:55:27","2014-04-06 00:20:36","296","40"
"647","2023-11-23 09:39:23","2023-11-23 10:53:03","426","65"
"648","2020-01-27 00:06:03","2020-01-27 00:56:25","467","82"
"649","2018-11-30 15:56:12","2018-11-30 17:36:46","220","81"
"650","2021-08-08 08:08:31","2021-08-08 08:31:19","154","73"
"651","2020-02-22 02:52:23","2020-02-22 03:34:05","162","84"
"652","2021-08-12 20:01:25","2021-08-12 21:50:07","305","52"
"653","2019-04-25 19:43:46","2019-04-25 20:48:07","285","57"
"654","2019-02-09 09:37:31","2019-02-09 10:10:45","261","59"
"655","2017-02-20 19:50:11","2017-02-20 21:48:08","222","44"
"656","2016-01-16 15:06:27","2016-01-16 15:50:43","256","41"
"657","2020-06-13 08:43:56","2020-06-13 09:51:35","119","75"
"658","2016-06-11 22:39:25","2016-06-11 22:48:31","52","17"
"659","2023-11-10 05:37:41","2023-11-10 06:20:20","299","20"
"660","2022-01-31 10:58:54","2022-01-31 11:51:06","356","53"
"661","2020-09-21 02:27:56","2020-09-21 02:57:09","324","20"
"662","2014-02-21 19:34:09","2014-02-21 20:16:50","68","27"
"663","2015-11-05 16:40:39","2015-11-05 17:23:52","442","77"
"664","2019-06-11 12:13:11","2019-06-11 12:48:29","144","50"
"665","2017-07-23 07:40:58","2017-07-23 08:47:26","224","11"
"666","2015-10-25 05:56:24","2015-10-25 06:13:19","206","53"
"667","2022-06-27 18:48:43","2022-06-27 20:21:23","50","79"
"668","2016-05-20 02:17:21","2016-05-20 04:03:57","368","58"
"669","2015-10-28 20:44:56","2015-10-28 21:06:32","446","20"
"670","2022-08-29 14:41:22","2022-08-29 14:52:29","213","3"
"671","2019-12-07 19:08:11","2019-12-07 19:56:21","6","15"
"672","2021-09-20 01:15:21","2021-09-20 01:24:56","388","67"
"673","2014-08-10 10:52:50","2014-08-10 12:08:06","348","80"
"674","2019-02-09 02:33:35","2019-02-09 04:27:47","69","36"
"675","2016-11-08 12:10:29","2016-11-08 14:00:15","448","75"
"676","2017-07-28 05:24:59","2017-07-28 07:16:25","289","8"
"677","2018-03-10 23:35:32","2018-03-11 00:14:56","228","66"
"678","2020-03-08 09:05:45","2020-03-08 11:00:00","157","64"
"679","2018-04-23 08:05:16","2018-04-23 09:21:32","403","66"
"680","2023-06-19 02:48:30","2023-06-19 04:03:41","176","78"
"681","2016-03-06 04:18:31","2016-03-06 06:10:18","304","31"
"682","2019-04-29 07:37:49","2019-04-29 07:52:20","398","69"
"683","2022-10-19 15:26:20","2022-10-19 15:31:07","239","60"
"684","2015-08-08 13:21:21","2015-08-08 13:48:39","447","48"
"685","2021-08-08 02:43:30","2021-08-08 04:42:20","111","38"
"686","2023-03-28 00:18:48","2023-03-28 01:56:42","107","26"
"687","2023-04-20 22:20:16","2023-04-20 23:15:56","442","38"
"688","2019-10-30 15:22:25","2019-10-30 17:20:30","400","67"
"689","2022-11-17 23:17:09","2022-11-18 00:57:26","188","70"
"690","2021-11-20 08:40:46","2021-11-20 09:51:03","357","19"
"691","2016-06-27 03:58:22","2016-06-27 04:14:29","416","56"
"692","2015-05-17 21:03:23","2015-05-17 21:43:12","465","39"
"693","2023-09-20 19:50:37","2023-09-20 20:48:46","23","21"
"694","2016-07-07 12:18:31","2016-07-07 12:47:08","128","52"
"695","2019-08-01 06:00:38","2019-08-01 06:57:08","111","83"
"696","2017-01-09 17:08:04","2017-01-09 17:51:28","201","67"
"697","2015-10-14 19:53:35","2015-10-14 21:09:45","211","56"
"698","2016-09-01 23:40:31","2016-09-02 00:06:07","240","64"
"699","2016-07-17 01:30:02","2016-07-17 02:38:57","472","62"
"700","2018-11-28 22:15:01","2018-11-29 00:01:52","375","50"
"701","2022-03-29 08:31:17","2022-03-29 09:30:25","95","13"
"702","2015-10-01 09:46:12","2015-10-01 11:09:45","376","60"
"703","2022-11-27 15:50:31","2022-11-27 16:24:01","261","40"
"704","2014-03-02 21:20:27","2014-03-02 22:54:03","86","70"
"705","2020-08-28 12:33:15","2020-08-28 14:05:42","114","37"
"706","2017-04-25 10:47:53","2017-04-25 10:53:02","200","1"
"707","2016-06-04 11:32:19","2016-06-04 13:30:44","52","79"
"708","2015-01-04 16:46:58","2015-01-04 17:53:52","375","78"
"709","2023-12-01 10:30:21","2023-12-01 10:49:54","134","85"
"710","2023-07-07 08:46:00","2023-07-07 10:13:53","140","61"
"711","2020-06-13 08:12:35","2020-06-13 09:36:10","233","43"
"712","2021-01-23 14:49:26","2021-01-23 14:55:23","27","73"
"713","2023-05-06 10:20:10","2023-05-06 11:31:43","239","12"
"714","2019-11-29 04:56:03","2019-11-29 06:09:33","446","61"
"715","2014-08-19 12:07:00","2014-08-19 14:06:37","165","6"
"716","2020-05-22 05:09:27","2020-05-22 06:24:37","68","55"
"717","2023-01-23 08:41:17","2023-01-23 10:32:24","185","35"
"718","2017-11-04 19:16:07","2017-11-04 20:49:08","68","26"
"719","2021-08-15 09:56:59","2021-08-15 10:59:45","359","42"
"720","2018-10-09 17:09:32","2018-10-09 18:32:29","45","9"
"721","2018-07-20 23:05:05","2018-07-20 23:48:40","488","76"
"722","2014-09-15 04:37:34","2014-09-15 04:58:26","497","62"
"723","2023-01-08 11:33:45","2023-01-08 12:29:46","358","14"
"724","2020-06-05 02:11:26","2020-06-05 02:23:32","110","27"
"725","2014-03-30 14:57:53","2014-03-30 15:55:13","189","66"
"726","2015-11-29 05:16:55","2015-11-29 06:28:27","69","8"
"727","2018-04-10 09:02:24","2018-04-10 09:27:32","419","37"
"728","2014-12-11 13:42:24","2014-12-11 14:28:49","302","49"
"729","2023-08-06 21:28:02","2023-08-06 22:50:42","434","44"
"730","2019-08-06 08:06:06","2019-08-06 09:07:48","180","28"
"731","2016-11-15 11:51:51","2016-11-15 12:02:05","234","70"
"732","2015-05-28 09:11:59","2015-05-28 10:36:20","191","53"
"733","2021-08-21 12:35:12","2021-08-21 14:21:21","229","70"
"734","2016-06-11 09:31:58","2016-06-11 10:31:04","86","4"
"735","2014-01-31 03:17:06","2014-01-31 04:15:48","399","9"
"736","2017-08-06 02:44:42","2017-08-06 03:55:44","394","31"
"737","2018-08-20 04:32:26","2018-08-20 05:38:17","96","50"
"738","2020-10-23 12:20:21","2020-10-23 12:38:47","473","4"
"739","2019-06-07 11:25:23","2019-06-07 12:25:20","185","9"
"740","2017-12-14 09:24:29","2017-12-14 11:07:10","417","80"
"741","2015-06-22 19:58:58","2015-06-22 20:03:18","418","44"
"742","2018-08-11 11:10:40","2018-08-11 12:20:44","500","62"
"743","2019-09-10 17:05:56","2019-09-10 18:08:02","449","24"
"744","2018-04-30 19:29:21","2018-04-30 20:28:45","118","25"
"745","2019-07-03 01:50:08","2019-07-03 02:04:23","326","30"
"746","2020-03-29 07:39:26","2020-03-29 09:33:13","174","53"
"747","2020-03-27 21:18:04","2020-03-27 21:40:34","479","16"
"748","2021-12-10 18:30:34","2021-12-10 19:36:02","202","20"
"749","2022-04-03 07:53:53","2022-04-03 08:24:18","166","42"
"750","2023-05-13 01:18:54","2023-05-13 02:56:55","317","41"
"751","2014-11-09 05:23:17","2014-11-09 05:57:45","257","19"
"752","2015-10-10 16:45:30","2015-10-10 17:24:17","237","47"
"753","2016-11-10 20:09:36","2016-11-10 21:08:31","126","14"
"754","2014-09-03 09:41:10","2014-09-03 10:16:00","480","61"
"755","2017-12-25 06:56:07","2017-12-25 08:20:10","159","53"
"756","2019-05-28 03:02:19","2019-05-28 03:59:13","297","82"
"757","2023-05-09 12:18:04","2023-05-09 13:06:20","111","45"
"758","2021-07-24 18:48:21","2021-07-24 20:26:07","414","31"
"759","2022-05-25 09:28:23","2022-05-25 10:14:32","126","64"
"760","2018-06-23 14:40:08","2018-06-23 14:56:02","34","20"
"761","2015-02-25 20:59:41","2015-02-25 21:42:47","100","72"
"762","2019-04-03 02:06:39","2019-04-03 03:22:17","223","53"
"763","2015-01-26 11:09:40","2015-01-26 11:16:35","253","10"
"764","2020-06-04 23:22:45","2020-06-04 23:39:14","125","79"
"765","2023-11-17 21:46:50","2023-11-17 22:53:38","89","67"
"766","2018-11-26 16:15:47","2018-11-26 18:01:46","471","70"
"767","2023-10-22 17:58:03","2023-10-22 18:54:48","289","9"
"768","2023-02-22 02:01:21","2023-02-22 03:48:02","498","35"
"769","2023-11-04 14:52:48","2023-11-04 16:22:36","448","17"
"770","2021-02-19 03:03:18","2021-02-19 03:44:37","487","30"
"771","2020-05-06 23:53:34","2020-05-07 00:09:28","178","22"
"772","2019-06-14 06:35:45","2019-06-14 07:58:13","181","48"
"773","2016-04-01 15:19:55","2016-04-01 16:50:00","243","68"
"774","2020-02-16 06:03:55","2020-02-16 08:02:20","450","37"
"775","2024-01-04 21:34:14","2024-01-04 21:47:03","107","81"
"776","2020-03-20 12:32:29","2020-03-20 12:32:29","233","45"
"777","2015-06-15 02:43:32","2015-06-15 04:09:06","340","38"
"778","2020-03-08 10:34:35","2020-03-08 11:18:55","234","7"
"779","2019-03-09 02:36:04","2019-03-09 04:19:47","461","33"
"780","2020-09-01 17:35:11","2020-09-01 19:15:26","58","28"
"781","2019-12-03 18:31:08","2019-12-03 18:50:07","299","4"
"782","2017-07-07 19:09:14","2017-07-07 20:54:13","498","32"
"783","2018-05-31 22:06:03","2018-05-31 22:55:24","478","61"
"784","2018-01-21 18:02:31","2018-01-21 18:09:28","183","22"
"785","2021-01-26 03:44:24","2021-01-26 05:35:14","7","59"
"786","2016-05-13 07:50:53","2016-05-13 08:25:31","290","7"
"787","2014-11-14 00:49:08","2014-11-14 01:03:41","438","66"
"788","2018-09-02 07:52:41","2018-09-02 09:07:39","369","50"
"789","2019-02-09 05:22:31","2019-02-09 07:12:18","261","68"
"790","2015-01-06 20:29:46","2015-01-06 21:04:16","413","40"
"791","2021-11-08 16:26:32","2021-11-08 18:15:21","431","47"
"792","2023-09-09 14:54:35","2023-09-09 15:01:38","449","21"
"793","2016-08-26 19:35:14","2016-08-26 20:31:10","41","48"
"794","2020-06-17 09:17:29","2020-06-17 11:05:59","376","80"
"795","2021-03-15 18:24:45","2021-03-15 19:21:37","191","3"
"796","2023-10-19 10:51:43","2023-10-19 11:13:17","296","50"
"797","2018-05-06 21:36:30","2018-05-06 22:18:39","111","75"
"798","2023-03-11 13:00:41","2023-03-11 14:42:15","127","68"
"799","2016-12-11 07:36:08","2016-12-11 08:07:54","458","33"
"800","2023-12-25 22:24:44","2023-12-25 23:22:47","415","44"
"801","2023-06-28 09:24:12","2023-06-28 09:27:25","165","8"
"802","2017-02-18 11:19:34","2017-02-18 12:16:31","327","62"
"803","2021-07-23 12:33:39","2021-07-23 13:33:38","396","44"
"804","2014-10-26 12:17:59","2014-10-26 12:35:09","100","21"
"805","2018-10-10 23:20:20","2018-10-10 23:39:33","1","27"
"806","2019-07-25 06:20:42","2019-07-25 07:20:46","67","29"
"807","2017-09-18 03:22:50","2017-09-18 05:08:07","198","80"
"808","2021-05-25 10:31:56","2021-05-25 11:12:13","255","6"
"809","2014-07-07 18:25:21","2014-07-07 19:36:39","249","12"
"810","2014-09-02 13:11:27","2014-09-02 14:43:56","11","9"
"811","2023-01-13 07:02:33","2023-01-13 07:29:35","162","25"
"812","2022-03-31 01:40:42","2022-03-31 03:33:31","217","39"
"813","2023-08-06 18:11:21","2023-08-06 19:28:47","274","38"
"814","2019-02-23 19:17:18","2019-02-23 20:11:03","461","64"
"815","2021-06-06 01:17:18","2021-06-06 01:40:32","278","9"
"816","2022-07-05 07:14:30","2022-07-05 08:23:40","28","44"
"817","2023-01-31 12:14:36","2023-01-31 13:05:52","190","45"
"818","2020-07-25 08:39:36","2020-07-25 09:48:32","290","67"
"819","2014-10-02 11:39:07","2014-10-02 12:10:07","200","85"
"820","2016-12-23 14:16:40","2016-12-23 14:44:40","379","27"
"821","2014-07-21 08:09:43","2014-07-21 08:46:27","327","65"
"822","2014-11-05 09:32:25","2014-11-05 10:45:30","390","50"
"823","2016-04-25 04:38:24","2016-04-25 06:07:25","184","64"
"824","2021-03-03 03:40:22","2021-03-03 04:04:38","12","82"
"825","2023-03-27 06:04:04","2023-03-27 07:08:37","73","80"
"826","2022-05-14 23:46:52","2022-05-15 01:43:59","495","45"
"827","2014-08-30 12:22:37","2014-08-30 12:56:19","262","35"
"828","2017-12-26 09:35:59","2017-12-26 10:47:31","120","57"
"829","2022-10-07 04:01:19","2022-10-07 04:27:45","115","12"
"830","2023-05-06 08:21:07","2023-05-06 08:30:15","219","44"
"831","2022-07-10 04:17:35","2022-07-10 04:22:35","407","41"
"832","2014-07-23 21:26:03","2014-07-23 21:41:43","178","70"
"833","2021-10-03 14:25:06","2021-10-03 15:36:27","162","26"
"834","2015-11-08 07:41:23","2015-11-08 09:17:57","165","33"
"835","2019-03-19 03:22:55","2019-03-19 04:26:02","231","26"
"836","2016-07-16 10:07:36","2016-07-16 10:46:42","250","84"
"837","2014-06-01 20:54:50","2014-06-01 22:19:46","428","35"
"838","2015-06-04 13:09:18","2015-06-04 14:34:42","5","73"
"839","2015-05-22 19:00:28","2015-05-22 19:35:28","308","10"
"840","2024-01-14 22:27:47","2024-01-14 23:38:51","380","34"
"841","2014-04-03 07:56:09","2014-04-03 08:37:14","452","60"
"842","2016-07-21 08:47:53","2016-07-21 09:09:02","236","54"
"843","2014-03-10 12:35:13","2014-03-10 13:21:18","63","6"
"844","2021-08-14 11:12:53","2021-08-14 11:33:21","387","23"
"845","2017-09-22 01:46:19","2017-09-22 02:23:16","9","8"
"846","2021-10-14 09:24:07","2021-10-14 09:57:42","3","68"
"847","2023-10-08 16:09:31","2023-10-08 17:06:06","255","80"
"848","2016-04-24 21:49:37","2016-04-24 23:28:35","312","73"
"849","2022-02-20 14:20:32","2022-02-20 15:38:06","275","62"
"850","2020-04-07 23:19:53","2020-04-08 00:07:02","428","12"
"851","2021-11-10 10:55:55","2021-11-10 11:52:04","371","52"
"852","2023-04-07 04:48:02","2023-04-07 05:27:04","323","28"
"853","2022-03-08 06:41:23","2022-03-08 06:53:56","380","85"
"854","2021-11-02 21:21:01","2021-11-02 21:23:23","313","60"
"855","2021-11-17 17:08:35","2021-11-17 18:05:02","48","26"
"856","2019-10-28 13:57:09","2019-10-28 15:25:35","184","82"
"857","2014-03-29 05:56:26","2014-03-29 06:55:40","68","60"
"858","2019-08-28 23:45:49","2019-08-28 23:53:19","56","71"
"859","2017-06-20 04:40:48","2017-06-20 06:32:21","382","3"
"860","2014-08-11 04:59:32","2014-08-11 05:08:25","281","63"
"861","2018-07-18 19:57:51","2018-07-18 20:08:32","496","23"
"862","2019-11-16 02:32:46","2019-11-16 03:03:23","422","79"
"863","2014-12-17 04:21:35","2014-12-17 05:51:01","416","72"
"864","2015-03-16 05:05:33","2015-03-16 06:13:34","100","14"
"865","2017-10-27 15:36:22","2017-10-27 16:21:03","286","4"
"866","2020-06-25 03:40:44","2020-06-25 05:12:08","5","24"
"867","2021-03-30 05:12:52","2021-03-30 05:46:50","158","43"
"868","2020-07-20 11:30:49","2020-07-20 12:12:16","340","75"
"869","2022-05-28 09:20:09","2022-05-28 10:05:53","403","80"
"870","2022-03-02 04:07:11","2022-03-02 04:18:08","113","39"
"871","2023-02-09 05:48:10","2023-02-09 05:52:31","196","9"
"872","2014-06-14 00:47:18","2014-06-14 01:13:37","130","1"
"873","2020-03-13 09:07:18","2020-03-13 09:29:52","69","34"
"874","2014-05-20 04:16:07","2014-05-20 05:43:17","77","34"
"875","2015-03-20 05:03:49","2015-03-20 05:35:38","317","24"
"876","2020-01-24 17:06:38","2020-01-24 17:35:48","442","57"
"877","2023-10-29 02:40:11","2023-10-29 04:22:21","311","66"
"878","2018-12-31 02:41:23","2018-12-31 04:08:47","71","7"
"879","2020-08-08 16:55:56","2020-08-08 17:09:59","176","38"
"880","2017-08-30 13:05:47","2017-08-30 13:45:15","273","50"
"881","2016-05-15 23:26:34","2016-05-16 00:58:55","458","16"
"882","2023-11-24 11:10:06","2023-11-24 12:36:58","412","51"
"883","2020-12-30 14:29:13","2020-12-30 14:36:08","41","32"
"884","2015-05-04 17:40:34","2015-05-04 17:41:48","119","56"
"885","2017-02-15 09:15:39","2017-02-15 09:31:14","379","52"
"886","2016-03-03 17:23:03","2016-03-03 19:05:21","485","18"
"887","2023-03-29 16:52:17","2023-03-29 17:10:25","21","43"
"888","2017-11-15 22:19:46","2017-11-15 23:48:21","93","36"
"889","2021-05-22 11:02:27","2021-05-22 11:51:20","393","56"
"890","2018-11-06 18:33:29","2018-11-06 20:30:45","153","4"
"891","2021-09-08 04:00:06","2021-09-08 05:47:46","153","44"
"892","2020-11-25 07:03:57","2020-11-25 08:23:22","273","65"
"893","2014-05-23 18:04:22","2014-05-23 18:33:34","40","13"
"894","2017-12-02 16:56:24","2017-12-02 17:22:51","232","16"
"895","2019-06-01 09:54:24","2019-06-01 09:57:06","41","55"
"896","2023-04-08 20:36:29","2023-04-08 21:27:32","64","5"
"897","2014-10-14 09:11:12","2014-10-14 09:31:40","375","49"
"898","2018-01-26 19:07:48","2018-01-26 21:04:22","207","6"
"899","2023-01-06 10:23:07","2023-01-06 10:37:33","148","11"
"900","2022-05-08 00:33:53","2022-05-08 00:39:36","362","80"
"901","2018-07-20 00:43:48","2018-07-20 02:07:08","341","67"
"902","2015-01-19 23:01:58","2015-01-20 00:15:41","329","51"
"903","2014-06-12 12:29:40","2014-06-12 14:28:12","2","53"
"904","2016-05-13 13:30:24","2016-05-13 14:47:25","404","15"
"905","2016-03-13 10:04:48","2016-03-13 10:44:32","402","52"
"906","2021-12-09 09:17:28","2021-12-09 10:11:07","241","3"
"907","2016-02-18 02:29:02","2016-02-18 02:43:14","68","38"
"908","2022-10-31 23:26:07","2022-10-31 23:59:53","202","51"
"909","2021-08-29 12:52:17","2021-08-29 13:43:08","449","69"
"910","2018-07-24 19:43:11","2018-07-24 20:59:15","436","59"
"911","2018-02-09 07:52:52","2018-02-09 08:16:13","460","34"
"912","2015-12-23 04:49:05","2015-12-23 06:04:33","438","11"
"913","2014-07-01 01:37:03","2014-07-01 02:05:15","446","33"
"914","2021-06-23 22:28:56","2021-06-23 22:41:22","192","22"
"915","2016-08-14 22:01:46","2016-08-14 22:53:39","371","67"
"916","2014-05-18 04:22:56","2014-05-18 06:15:35","300","62"
"917","2017-03-02 21:15:04","2017-03-02 21:35:45","109","85"
"918","2019-02-20 16:08:02","2019-02-20 17:15:25","427","6"
"919","2014-07-22 21:56:19","2014-07-22 23:10:19","289","58"
"920","2016-04-19 10:54:24","2016-04-19 11:58:56","438","10"
"921","2020-06-27 20:33:22","2020-06-27 21:49:53","351","42"
"922","2017-07-20 07:44:02","2017-07-20 07:59:47","277","72"
"923","2019-04-02 23:15:47","2019-04-02 23:22:15","141","74"
"924","2016-01-30 17:47:10","2016-01-30 18:47:45","486","21"
"925","2020-03-12 05:09:38","2020-03-12 06:27:20","283","59"
"926","2016-05-24 10:41:41","2016-05-24 11:01:32","431","69"
"927","2014-01-21 13:31:09","2014-01-21 15:12:58","401","36"
"928","2017-02-07 11:44:12","2017-02-07 12:59:13","165","13"
"929","2019-11-05 11:43:42","2019-11-05 13:00:28","5","83"
"930","2017-05-19 18:01:14","2017-05-19 18:17:17","46","65"
"931","2022-07-02 06:23:11","2022-07-02 07:05:36","265","50"
"932","2023-09-29 12:59:53","2023-09-29 14:04:23","273","45"
"933","2023-09-07 10:10:30","2023-09-07 11:14:00","207","6"
"934","2021-03-29 16:52:23","2021-03-29 18:30:58","327","74"
"935","2019-05-01 18:47:21","2019-05-01 18:55:12","345","64"
"936","2019-11-03 18:55:13","2019-11-03 20:11:53","298","65"
"937","2020-12-27 04:46:14","2020-12-27 05:41:20","424","42"
"938","2016-01-03 06:14:39","2016-01-03 07:11:11","430","80"
"939","2023-06-07 01:13:12","2023-06-07 03:04:13","107","20"
"940","2017-07-17 13:59:56","2017-07-17 15:05:37","271","33"
"941","2014-01-14 08:08:34","2014-01-14 08:28:24","337","61"
"942","2023-06-14 15:22:27","2023-06-14 16:37:08","328","35"
"943","2023-08-16 09:38:55","2023-08-16 11:24:48","167","31"
"944","2022-08-20 03:57:52","2022-08-20 04:33:03","487","42"
"945","2024-01-12 20:10:30","2024-01-12 21:14:36","434","25"
"946","2022-01-06 09:20:08","2022-01-06 09:31:12","348","9"
"947","2017-02-01 07:10:52","2017-02-01 08:02:17","151","47"
"948","2020-09-25 14:33:28","2020-09-25 15:49:55","258","32"
"949","2021-07-07 03:57:01","2021-07-07 05:18:08","204","47"
"950","2014-10-01 05:35:25","2014-10-01 06:35:14","391","84"
"951","2019-09-08 04:27:22","2019-09-08 05:35:52","48","60"
"952","2022-08-25 14:51:16","2022-08-25 16:38:16","362","12"
"953","2017-07-22 19:42:31","2017-07-22 19:56:40","315","31"
"954","2014-12-27 03:10:32","2014-12-27 05:01:17","346","9"
"955","2019-05-14 11:58:50","2019-05-14 13:52:35","485","63"
"956","2022-08-23 03:08:09","2022-08-23 04:54:36","289","79"
"957","2021-12-07 04:54:42","2021-12-07 06:09:29","339","40"
"958","2022-01-31 07:15:17","2022-01-31 08:16:59","179","11"
"959","2022-02-20 06:23:02","2022-02-20 06:51:05","491","39"
"960","2016-04-24 02:35:05","2016-04-24 04:08:49","398","53"
"961","2016-12-30 09:39:38","2016-12-30 10:47:08","456","45"
"962","2017-03-24 14:40:29","2017-03-24 15:52:38","259","67"
"963","2014-05-04 04:13:19","2014-05-04 04:26:27","348","51"
"964","2017-03-05 15:16:54","2017-03-05 16:02:03","443","75"
"965","2017-05-27 20:21:47","2017-05-27 20:28:41","71","77"
"966","2018-05-01 22:33:30","2018-05-01 23:50:43","477","78"
"967","2020-05-11 21:32:06","2020-05-11 21:53:34","293","35"
"968","2023-12-05 01:51:22","2023-12-05 02:21:13","419","81"
"969","2021-06-05 06:56:10","2021-06-05 07:00:38","486","78"
"970","2023-09-15 13:34:33","2023-09-15 15:11:40","448","57"
"971","2020-11-19 01:45:15","2020-11-19 03:13:11","402","24"
"972","2019-05-14 19:12:17","2019-05-14 19:40:33","232","20"
"973","2022-03-12 18:24:58","2022-03-12 20:03:02","344","20"
"974","2014-02-09 16:31:42","2014-02-09 16:43:50","115","23"
"975","2015-01-19 12:31:28","2015-01-19 13:22:38","22","23"
"976","2015-07-24 08:42:05","2015-07-24 08:49:20","457","55"
"977","2023-05-18 19:53:09","2023-05-18 21:14:39","121","51"
"978","2021-10-20 11:08:18","2021-10-20 12:58:41","49","14"
"979","2021-03-01 03:32:18","2021-03-01 04:43:11","180","28"
"980","2019-11-19 06:59:20","2019-11-19 07:57:34","24","65"
"981","2019-12-06 01:13:08","2019-12-06 02:33:07","421","19"
"982","2020-04-27 16:14:44","2020-04-27 17:13:06","51","13"
"983","2022-05-01 20:09:42","2022-05-01 20:32:54","394","3"
"984","2015-01-18 13:32:19","2015-01-18 14:00:38","86","35"
"985","2021-10-07 23:04:00","2021-10-07 23:25:53","462","74"
"986","2021-02-10 10:48:45","2021-02-10 12:35:02","484","59"
"987","2022-07-14 18:54:39","2022-07-14 19:05:16","239","11"
"988","2018-10-14 09:02:25","2018-10-14 10:55:03","332","77"
"989","2015-12-31 23:13:53","2015-12-31 23:46:34","453","41"
"990","2023-05-21 15:38:47","2023-05-21 17:00:23","173","12"
"991","2020-01-17 18:20:08","2020-01-17 19:57:42","165","18"
"992","2016-12-16 02:42:48","2016-12-16 04:11:51","230","2"
"993","2018-08-01 22:18:53","2018-08-01 22:27:29","402","19"
"994","2018-03-04 08:25:07","2018-03-04 09:19:12","284","69"
"995","2019-05-25 12:11:32","2019-05-25 13:55:42","6","21"
"996","2018-04-15 13:08:51","2018-04-15 14:56:32","446","78"
"997","2019-12-14 21:31:02","2019-12-14 22:48:26","141","31"
"998","2018-11-29 20:27:23","2018-11-29 21:21:32","363","46"
"999","2020-10-17 09:43:39","2020-10-17 10:45:34","439","51"
"1000","2023-07-08 22:55:41","2023-07-08 23:38:06","129","59"
