-- MySQL dump 10.13  Distrib 8.0.34, for Win64 (x86_64)
--
-- Host: 127.0.0.1    Database: callcenter
-- ------------------------------------------------------
-- Server version	8.0.35

DROP DATABASE IF EXISTS callcenter;
CREATE DATABASE IF NOT EXISTS callcenter;
USE callcenter;

/*!40101 SET @OLD_CHARACTER_SET_CLIENT=@@CHARACTER_SET_CLIENT */;
/*!40101 SET @OLD_CHARACTER_SET_RESULTS=@@CHARACTER_SET_RESULTS */;
/*!40101 SET @OLD_COLLATION_CONNECTION=@@COLLATION_CONNECTION */;
/*!50503 SET NAMES utf8 */;
/*!40103 SET @OLD_TIME_ZONE=@@TIME_ZONE */;
/*!40103 SET TIME_ZONE='+00:00' */;
/*!40014 SET @OLD_UNIQUE_CHECKS=@@UNIQUE_CHECKS, UNIQUE_CHECKS=0 */;
/*!40014 SET @OLD_FOREIGN_KEY_CHECKS=@@FOREIGN_KEY_CHECKS, FOREIGN_KEY_CHECKS=0 */;
/*!40101 SET @OLD_SQL_MODE=@@SQL_MODE, SQL_MODE='NO_AUTO_VALUE_ON_ZERO' */;
/*!40111 SET @OLD_SQL_NOTES=@@SQL_NOTES, SQL_NOTES=0 */;

--
-- Table structure for table `agent`
--

DROP TABLE IF EXISTS `agent`;
/*!40101 SET @saved_cs_client     = @@character_set_client */;
/*!50503 SET character_set_client = utf8mb4 */;
CREATE TABLE `agent` (
  `id` int NOT NULL AUTO_INCREMENT,
  `staff_id` int NOT NULL,
  `supervisor_id` int NOT NULL,
  PRIMARY KEY (`id`),
  UNIQUE KEY `staff_id` (`staff_id`),
  KEY `supervisor_id` (`supervisor_id`),
  CONSTRAINT `agent_ibfk_1` FOREIGN KEY (`staff_id`) REFERENCES `staff` (`id`),
  CONSTRAINT `agent_ibfk_2` FOREIGN KEY (`supervisor_id`) REFERENCES `supervisor` (`id`)
) ENGINE=InnoDB AUTO_INCREMENT=86 DEFAULT CHARSET=utf8mb4 COLLATE=utf8mb4_0900_ai_ci;
/*!40101 SET character_set_client = @saved_cs_client */;

--
-- Dumping data for table `agent`
--

LOCK TABLES `agent` WRITE;
/*!40000 ALTER TABLE `agent` DISABLE KEYS */;
INSERT INTO `agent` VALUES (1,25,6),(2,60,11),(3,58,2),(4,55,12),(5,91,12),(6,39,15),(7,87,7),(8,43,3),(9,21,7),(10,59,3),(11,90,2),(12,89,7),(13,45,1),(14,18,13),(15,51,13),(16,71,10),(17,93,1),(18,99,2),(19,32,7),(20,49,11),(21,73,15),(22,56,5),(23,29,6),(24,65,9),(25,62,9),(26,69,3),(27,67,14),(28,66,1),(29,68,3),(30,52,11),(31,97,5),(32,83,6),(33,46,1),(34,85,5),(35,47,4),(36,74,15),(37,20,15),(38,42,15),(39,78,6),(40,77,1),(41,40,2),(42,31,1),(43,17,15),(44,24,10),(45,26,3),(46,37,9),(47,41,14),(48,63,11),(49,30,15),(50,86,14),(51,57,3),(52,16,8),(53,76,7),(54,72,4),(55,81,6),(56,36,5),(57,75,4),(58,61,15),(59,100,11),(60,22,7),(61,50,8),(62,28,14),(63,80,12),(64,54,13),(65,70,2),(66,82,10),(67,33,3),(68,35,4),(69,38,12),(70,95,7),(71,64,12),(72,53,12),(73,23,11),(74,84,14),(75,48,12),(76,44,9),(77,98,9),(78,27,3),(79,19,3),(80,92,4),(81,96,11),(82,79,15),(83,94,6),(84,34,5),(85,88,9);
/*!40000 ALTER TABLE `agent` ENABLE KEYS */;
UNLOCK TABLES;

--
-- Table structure for table `call`
--

DROP TABLE IF EXISTS `call`;
/*!40101 SET @saved_cs_client     = @@character_set_client */;
/*!50503 SET character_set_client = utf8mb4 */;
CREATE TABLE `call` (
  `id` int NOT NULL AUTO_INCREMENT,
  `start_at` timestamp NOT NULL,
  `end_at` timestamp NOT NULL DEFAULT CURRENT_TIMESTAMP,
  `customer_id` int NOT NULL,
  `agent_id` int NOT NULL,
  PRIMARY KEY (`id`),
  KEY `customer_id` (`customer_id`),
  KEY `agent_id` (`agent_id`),
  CONSTRAINT `call_ibfk_1` FOREIGN KEY (`customer_id`) REFERENCES `customer` (`id`),
  CONSTRAINT `call_ibfk_2` FOREIGN KEY (`agent_id`) REFERENCES `agent` (`id`),
  CONSTRAINT `call_chk_1` CHECK ((timestampdiff(SECOND,`start_at`,`end_at`) <= 7200)),
  CONSTRAINT `call_chk_2` CHECK ((`start_at` <= `end_at`))
) ENGINE=InnoDB AUTO_INCREMENT=1001 DEFAULT CHARSET=utf8mb4 COLLATE=utf8mb4_0900_ai_ci;
/*!40101 SET character_set_client = @saved_cs_client */;

--
-- Dumping data for table `call`
--

LOCK TABLES `call` WRITE;
/*!40000 ALTER TABLE `call` DISABLE KEYS */;
INSERT INTO `call` VALUES (1,'2016-05-23 15:17:43','2016-05-23 16:28:22',471,4),(2,'2021-12-18 03:25:29','2021-12-18 03:46:59',175,54),(3,'2017-08-10 07:03:50','2017-08-10 07:44:08',347,28),(4,'2023-01-08 09:41:03','2023-01-08 10:21:44',227,20),(5,'2023-01-04 00:24:24','2023-01-04 01:36:16',23,31),(6,'2017-07-10 10:21:22','2017-07-10 11:33:08',141,4),(7,'2022-11-16 11:48:34','2022-11-16 12:38:47',347,39),(8,'2023-11-04 23:33:51','2023-11-05 01:02:50',295,83),(9,'2018-12-17 07:15:59','2018-12-17 08:19:09',49,16),(10,'2018-04-20 23:57:10','2018-04-21 00:01:24',382,26),(11,'2015-04-23 20:09:50','2015-04-23 20:40:39',453,7),(12,'2014-09-10 10:33:35','2014-09-10 11:57:14',230,41),(13,'2020-04-13 01:51:34','2020-04-13 02:34:23',137,29),(14,'2018-08-16 09:00:07','2018-08-16 09:37:51',443,67),(15,'2016-05-20 23:25:47','2016-05-21 01:17:51',167,77),(16,'2022-04-29 09:16:26','2022-04-29 09:34:16',49,53),(17,'2023-03-04 09:37:33','2023-03-04 09:53:55',400,14),(18,'2020-06-01 22:38:02','2020-06-01 23:23:45',304,42),(19,'2022-07-21 21:50:11','2022-07-21 22:31:10',347,77),(20,'2019-10-10 11:03:08','2019-10-10 11:08:05',310,21),(21,'2022-12-24 08:40:34','2022-12-24 09:08:30',153,39),(22,'2021-01-06 15:24:53','2021-01-06 15:47:31',163,56),(23,'2016-01-05 03:30:21','2016-01-05 05:12:09',391,5),(24,'2019-01-09 07:09:44','2019-01-09 07:09:54',220,10),(25,'2017-01-05 10:41:26','2017-01-05 11:17:24',314,85),(26,'2018-01-06 14:32:27','2018-01-06 16:02:08',335,34),(27,'2020-06-30 01:57:15','2020-06-30 03:13:14',314,50),(28,'2023-04-22 05:42:03','2023-04-22 06:47:41',205,83),(29,'2015-04-16 20:32:12','2015-04-16 20:44:59',390,62),(30,'2019-01-07 23:19:55','2019-01-08 00:57:16',33,35),(31,'2021-07-23 09:57:08','2021-07-23 10:58:26',112,60),(32,'2014-10-01 20:00:28','2014-10-01 20:50:01',457,75),(33,'2023-08-16 14:07:57','2023-08-16 15:04:56',432,50),(34,'2017-09-01 03:05:50','2017-09-01 05:03:32',69,63),(35,'2023-08-12 00:13:09','2023-08-12 01:03:18',488,43),(36,'2019-06-24 13:18:57','2019-06-24 14:29:41',59,24),(37,'2019-11-02 12:49:35','2019-11-02 13:39:51',235,76),(38,'2016-06-14 08:00:36','2016-06-14 08:38:52',125,21),(39,'2017-10-26 17:13:13','2017-10-26 17:54:10',35,21),(40,'2015-03-01 05:53:26','2015-03-01 07:40:14',347,14),(41,'2016-09-14 09:44:23','2016-09-14 10:31:03',89,75),(42,'2020-02-10 16:18:59','2020-02-10 17:59:33',63,58),(43,'2018-04-30 19:34:08','2018-04-30 21:25:16',458,69),(44,'2020-05-02 14:07:51','2020-05-02 14:39:13',257,59),(45,'2020-09-24 08:36:49','2020-09-24 09:33:05',8,24),(46,'2019-08-10 05:56:27','2019-08-10 07:25:40',318,51),(47,'2018-07-02 06:17:40','2018-07-02 06:50:58',420,34),(48,'2020-06-07 17:02:51','2020-06-07 17:05:51',478,14),(49,'2016-03-24 05:54:57','2016-03-24 07:17:55',302,6),(50,'2018-08-29 10:46:32','2018-08-29 11:00:42',263,49),(51,'2021-08-08 17:11:12','2021-08-08 18:08:11',36,12),(52,'2019-11-07 12:54:38','2019-11-07 13:02:36',396,6),(53,'2016-11-28 07:09:57','2016-11-28 08:04:53',421,72),(54,'2015-04-03 05:52:32','2015-04-03 07:37:03',405,32),(55,'2020-08-28 21:58:05','2020-08-28 23:46:55',139,32),(56,'2023-08-23 07:34:32','2023-08-23 09:23:38',415,41),(57,'2023-10-04 17:37:29','2023-10-04 18:58:41',474,65),(58,'2017-10-03 19:50:54','2017-10-03 21:12:34',156,41),(59,'2019-11-01 20:58:37','2019-11-01 21:16:58',262,29),(60,'2019-06-24 10:43:39','2019-06-24 11:48:15',432,1),(61,'2019-11-03 20:29:52','2019-11-03 21:14:37',453,24),(62,'2016-07-08 00:37:30','2016-07-08 00:53:08',441,31),(63,'2014-11-08 21:31:05','2014-11-08 22:49:35',101,83),(64,'2022-12-06 06:20:36','2022-12-06 07:21:52',110,65),(65,'2022-03-30 18:45:46','2022-03-30 19:35:58',418,19),(66,'2015-04-12 00:51:19','2015-04-12 00:56:30',245,51),(67,'2016-07-02 08:55:10','2016-07-02 10:46:15',114,52),(68,'2017-01-21 08:47:58','2017-01-21 10:25:38',92,14),(69,'2014-08-05 13:36:05','2014-08-05 15:21:54',14,66),(70,'2017-02-01 06:54:21','2017-02-01 07:10:32',200,72),(71,'2023-04-16 20:09:58','2023-04-16 20:29:08',470,67),(72,'2023-06-07 03:39:45','2023-06-07 03:53:47',142,61),(73,'2020-08-19 03:26:26','2020-08-19 05:21:39',326,55),(74,'2014-11-02 22:46:32','2014-11-03 00:15:02',244,13),(75,'2023-09-22 01:09:53','2023-09-22 03:04:26',411,75),(76,'2020-01-11 23:29:54','2020-01-12 00:51:05',491,2),(77,'2017-10-31 18:38:23','2017-10-31 18:48:07',307,83),(78,'2019-02-19 19:39:04','2019-02-19 20:24:28',288,18),(79,'2016-04-08 05:48:08','2016-04-08 06:35:39',478,21),(80,'2020-06-30 03:10:34','2020-06-30 03:27:03',77,16),(81,'2022-05-21 00:36:25','2022-05-21 00:56:05',498,10),(82,'2015-06-16 07:05:26','2015-06-16 08:00:38',312,18),(83,'2019-01-31 17:01:55','2019-01-31 18:17:19',167,48),(84,'2021-05-09 17:37:02','2021-05-09 17:46:41',141,61),(85,'2019-11-06 22:11:07','2019-11-06 23:26:06',300,67),(86,'2017-03-28 11:46:05','2017-03-28 13:20:06',66,50),(87,'2022-12-17 13:17:50','2022-12-17 15:09:26',283,7),(88,'2014-10-08 19:46:29','2014-10-08 19:56:43',447,25),(89,'2020-01-18 07:45:29','2020-01-18 08:48:36',182,52),(90,'2016-10-01 01:04:27','2016-10-01 02:25:10',5,85),(91,'2014-11-18 19:55:34','2014-11-18 21:28:38',194,37),(92,'2020-05-24 12:15:47','2020-05-24 13:52:07',10,7),(93,'2017-06-27 16:26:41','2017-06-27 18:03:53',221,64),(94,'2016-09-24 15:43:29','2016-09-24 17:17:21',466,1),(95,'2019-08-08 14:49:26','2019-08-08 15:24:17',224,74),(96,'2023-11-12 18:13:24','2023-11-12 18:15:49',191,65),(97,'2021-06-06 02:02:34','2021-06-06 04:01:04',459,35),(98,'2017-02-05 13:28:03','2017-02-05 15:02:31',119,37),(99,'2016-03-15 16:06:21','2016-03-15 17:08:50',91,8),(100,'2019-09-25 18:29:11','2019-09-25 20:02:22',19,70),(101,'2023-04-18 18:26:55','2023-04-18 19:31:30',16,65),(102,'2021-01-24 00:38:02','2021-01-24 01:07:32',459,65),(103,'2020-04-17 12:21:23','2020-04-17 13:15:28',72,53),(104,'2018-04-23 03:14:13','2018-04-23 03:14:15',21,10),(105,'2017-02-05 08:47:59','2017-02-05 10:11:16',144,57),(106,'2018-08-28 15:13:10','2018-08-28 16:13:24',80,85),(107,'2023-07-12 10:54:48','2023-07-12 12:12:23',488,42),(108,'2021-07-22 02:48:53','2021-07-22 03:46:25',475,47),(109,'2020-03-10 06:32:39','2020-03-10 06:36:55',292,17),(110,'2018-11-01 20:19:01','2018-11-01 22:04:18',269,23),(111,'2015-01-26 19:03:25','2015-01-26 20:41:42',82,74),(112,'2018-07-02 04:02:37','2018-07-02 04:18:41',474,46),(113,'2017-11-03 07:13:44','2017-11-03 08:03:46',421,42),(114,'2021-07-07 16:11:04','2021-07-07 17:22:44',145,48),(115,'2022-08-16 09:30:22','2022-08-16 10:49:42',382,72),(116,'2023-12-13 18:01:14','2023-12-13 18:17:47',17,76),(117,'2016-01-19 15:23:02','2016-01-19 16:02:58',303,38),(118,'2014-04-30 13:21:46','2014-04-30 15:06:53',320,4),(119,'2018-07-03 22:00:43','2018-07-03 23:58:25',229,36),(120,'2021-09-26 14:26:53','2021-09-26 15:34:59',102,13),(121,'2023-03-14 01:32:21','2023-03-14 02:25:18',222,21),(122,'2014-06-16 12:56:43','2014-06-16 14:22:48',373,65),(123,'2023-12-14 08:27:50','2023-12-14 09:31:54',89,84),(124,'2016-09-26 03:09:31','2016-09-26 03:56:31',463,28),(125,'2017-10-28 21:48:09','2017-10-28 23:27:37',184,24),(126,'2016-09-26 04:00:26','2016-09-26 04:09:46',455,62),(127,'2020-07-27 16:40:14','2020-07-27 17:59:24',225,39),(128,'2016-01-06 15:40:20','2016-01-06 16:43:47',48,13),(129,'2023-01-10 03:22:15','2023-01-10 04:00:34',423,33),(130,'2020-03-24 16:39:00','2020-03-24 17:50:22',488,5),(131,'2014-10-05 23:33:59','2014-10-06 00:45:47',156,72),(132,'2020-11-24 21:13:41','2020-11-24 23:00:14',255,9),(133,'2017-06-25 19:58:43','2017-06-25 20:20:56',60,48),(134,'2022-11-04 15:09:06','2022-11-04 16:18:31',216,74),(135,'2020-03-23 05:14:51','2020-03-23 05:35:23',150,50),(136,'2016-06-06 15:37:02','2016-06-06 17:30:30',462,47),(137,'2021-02-23 06:51:48','2021-02-23 08:38:18',93,15),(138,'2017-03-04 06:40:04','2017-03-04 06:57:36',465,49),(139,'2021-01-20 01:25:25','2021-01-20 03:21:54',134,38),(140,'2018-04-16 02:45:33','2018-04-16 03:36:10',261,59),(141,'2015-07-12 00:20:47','2015-07-12 02:08:08',74,41),(142,'2015-08-04 15:17:02','2015-08-04 15:48:04',402,41),(143,'2018-09-04 01:34:47','2018-09-04 02:55:36',445,3),(144,'2019-03-15 04:05:15','2019-03-15 04:29:41',309,78),(145,'2020-02-15 22:07:22','2020-02-15 23:14:19',172,3),(146,'2018-07-12 21:44:24','2018-07-12 23:26:41',468,82),(147,'2021-11-25 10:48:33','2021-11-25 11:01:08',141,27),(148,'2020-10-03 08:02:13','2020-10-03 08:15:36',463,50),(149,'2019-11-17 18:36:33','2019-11-17 19:12:52',38,64),(150,'2021-10-10 01:45:34','2021-10-10 03:22:17',495,30),(151,'2021-03-19 03:08:22','2021-03-19 03:43:42',311,67),(152,'2018-05-13 05:18:43','2018-05-13 06:04:03',148,41),(153,'2015-01-01 20:58:42','2015-01-01 21:27:43',298,10),(154,'2014-12-09 07:34:34','2014-12-09 08:22:14',465,8),(155,'2021-09-02 11:56:20','2021-09-02 12:39:21',115,23),(156,'2022-08-18 19:39:09','2022-08-18 20:17:18',176,11),(157,'2016-03-29 04:15:19','2016-03-29 05:21:24',48,83),(158,'2018-05-12 11:28:12','2018-05-12 12:25:46',250,2),(159,'2021-04-29 02:08:30','2021-04-29 02:59:53',364,38),(160,'2021-10-30 16:30:41','2021-10-30 16:48:47',462,85),(161,'2017-03-26 21:47:07','2017-03-26 23:26:33',468,76),(162,'2017-09-17 16:27:52','2017-09-17 17:46:13',44,59),(163,'2022-12-01 18:56:35','2022-12-01 19:35:02',54,10),(164,'2017-12-19 21:42:06','2017-12-19 22:49:33',1,49),(165,'2016-08-21 13:08:15','2016-08-21 13:38:03',397,68),(166,'2019-03-04 06:59:48','2019-03-04 07:56:55',425,23),(167,'2017-03-16 08:58:32','2017-03-16 09:08:15',299,61),(168,'2019-05-09 03:15:55','2019-05-09 03:52:37',74,29),(169,'2020-05-02 05:42:47','2020-05-02 06:36:36',487,27),(170,'2023-10-03 22:25:15','2023-10-03 23:34:52',1,24),(171,'2020-02-09 11:01:50','2020-02-09 11:35:36',21,48),(172,'2018-11-07 13:26:30','2018-11-07 15:06:12',332,12),(173,'2023-01-10 20:23:05','2023-01-10 20:57:37',392,49),(174,'2015-12-24 13:08:09','2015-12-24 14:02:40',104,23),(175,'2016-07-01 06:50:48','2016-07-01 07:38:24',191,37),(176,'2017-05-23 09:03:10','2017-05-23 09:54:33',20,57),(177,'2019-08-29 17:36:38','2019-08-29 18:14:17',169,67),(178,'2017-04-26 19:09:06','2017-04-26 20:17:48',243,12),(179,'2018-10-13 05:08:24','2018-10-13 05:29:00',66,74),(180,'2019-07-02 00:31:21','2019-07-02 02:14:19',122,46),(181,'2017-06-22 10:50:53','2017-06-22 11:55:04',474,8),(182,'2021-04-28 08:41:41','2021-04-28 09:20:29',409,61),(183,'2020-12-05 07:17:02','2020-12-05 08:08:02',436,19),(184,'2023-12-03 23:50:25','2023-12-04 00:25:09',433,32),(185,'2015-06-07 04:40:25','2015-06-07 06:16:37',52,63),(186,'2018-09-25 17:31:07','2018-09-25 17:45:27',354,37),(187,'2019-12-05 13:50:51','2019-12-05 13:58:31',304,83),(188,'2016-09-06 11:34:00','2016-09-06 12:17:28',244,23),(189,'2019-12-01 22:20:57','2019-12-01 22:38:18',244,4),(190,'2019-01-26 12:19:05','2019-01-26 13:44:12',55,17),(191,'2014-02-06 21:22:12','2014-02-06 22:08:41',314,16),(192,'2019-09-11 10:04:22','2019-09-11 11:34:21',105,23),(193,'2016-06-11 00:25:02','2016-06-11 02:11:48',323,32),(194,'2018-07-11 22:23:05','2018-07-11 23:17:28',59,46),(195,'2020-05-23 18:09:20','2020-05-23 19:56:20',228,85),(196,'2021-11-28 10:41:14','2021-11-28 11:12:40',366,48),(197,'2019-03-04 02:31:52','2019-03-04 03:14:58',132,60),(198,'2014-12-05 13:17:07','2014-12-05 13:46:55',490,14),(199,'2014-03-13 15:28:23','2014-03-13 15:44:55',485,2),(200,'2015-10-25 07:37:53','2015-10-25 08:17:23',293,84),(201,'2022-04-22 19:55:35','2022-04-22 20:28:51',253,18),(202,'2019-06-24 22:13:04','2019-06-24 22:19:37',289,17),(203,'2023-05-16 13:46:52','2023-05-16 13:48:54',357,59),(204,'2022-03-31 15:14:36','2022-03-31 16:00:02',219,6),(205,'2017-11-09 07:07:02','2017-11-09 08:29:59',297,25),(206,'2021-06-19 21:57:52','2021-06-19 23:51:46',329,73),(207,'2014-09-05 17:53:16','2014-09-05 17:58:45',130,23),(208,'2019-05-03 18:43:52','2019-05-03 19:26:47',372,38),(209,'2019-10-01 07:59:00','2019-10-01 08:47:58',269,36),(210,'2014-03-30 16:51:18','2014-03-30 17:46:50',38,76),(211,'2016-07-28 13:30:07','2016-07-28 14:50:57',251,11),(212,'2016-09-30 20:27:58','2016-09-30 20:44:32',247,58),(213,'2017-11-28 01:51:39','2017-11-28 02:18:52',323,40),(214,'2023-04-01 19:07:19','2023-04-01 20:44:10',420,36),(215,'2014-08-21 16:34:53','2014-08-21 17:28:38',372,11),(216,'2015-06-27 16:11:26','2015-06-27 17:24:07',64,52),(217,'2020-07-10 14:24:08','2020-07-10 16:23:48',227,79),(218,'2016-03-11 22:46:17','2016-03-12 00:24:28',146,68),(219,'2018-04-13 20:32:09','2018-04-13 21:22:46',390,17),(220,'2023-06-04 20:33:37','2023-06-04 21:44:47',379,26),(221,'2015-11-02 10:42:06','2015-11-02 12:28:28',120,48),(222,'2014-04-16 13:24:44','2014-04-16 15:06:08',430,85),(223,'2024-01-02 19:47:51','2024-01-02 21:19:14',443,80),(224,'2022-04-11 19:54:21','2022-04-11 20:02:36',447,70),(225,'2022-02-06 23:34:49','2022-02-07 01:23:16',238,25),(226,'2015-10-30 22:23:56','2015-10-30 22:57:02',349,56),(227,'2016-01-19 03:59:43','2016-01-19 04:40:41',499,18),(228,'2020-01-12 05:58:02','2020-01-12 06:09:35',479,55),(229,'2018-01-30 04:08:54','2018-01-30 05:22:30',195,67),(230,'2019-04-02 21:01:44','2019-04-02 22:52:36',445,57),(231,'2022-04-19 21:57:02','2022-04-19 23:33:19',239,46),(232,'2019-02-17 08:52:40','2019-02-17 10:30:29',83,52),(233,'2016-10-03 04:45:23','2016-10-03 06:41:49',165,85),(234,'2014-03-23 04:16:32','2014-03-23 06:12:09',372,42),(235,'2020-02-09 03:47:59','2020-02-09 05:20:23',113,11),(236,'2014-10-21 09:14:35','2014-10-21 09:47:14',267,46),(237,'2017-05-31 01:34:58','2017-05-31 03:30:55',112,63),(238,'2016-12-03 13:34:39','2016-12-03 15:18:06',324,68),(239,'2015-10-12 18:46:01','2015-10-12 20:22:24',387,71),(240,'2015-08-08 01:47:12','2015-08-08 02:17:43',476,54),(241,'2014-08-10 10:52:55','2014-08-10 12:42:19',128,66),(242,'2016-06-15 02:37:57','2016-06-15 03:03:20',389,61),(243,'2019-03-10 17:37:48','2019-03-10 18:24:46',412,60),(244,'2016-12-02 02:29:37','2016-12-02 03:28:14',15,48),(245,'2022-01-23 15:50:15','2022-01-23 17:22:12',348,69),(246,'2021-09-05 03:36:48','2021-09-05 04:01:21',486,21),(247,'2021-09-21 08:16:04','2021-09-21 10:01:39',408,1),(248,'2020-07-03 02:16:56','2020-07-03 02:22:38',399,53),(249,'2016-11-30 16:17:28','2016-11-30 18:15:58',138,2),(250,'2018-04-09 13:55:04','2018-04-09 15:47:04',202,33),(251,'2015-09-25 05:00:23','2015-09-25 05:13:36',130,8),(252,'2017-03-29 00:31:01','2017-03-29 01:30:33',83,24),(253,'2021-08-01 13:17:22','2021-08-01 14:22:41',378,7),(254,'2022-01-05 13:43:57','2022-01-05 15:33:45',196,39),(255,'2020-02-03 16:21:56','2020-02-03 18:10:02',494,27),(256,'2016-11-10 07:36:20','2016-11-10 09:04:06',180,75),(257,'2020-12-11 01:45:44','2020-12-11 02:45:00',178,13),(258,'2019-08-15 13:36:19','2019-08-15 13:51:32',122,82),(259,'2023-09-24 22:33:34','2023-09-25 00:19:18',155,24),(260,'2016-12-18 00:47:06','2016-12-18 01:25:13',340,10),(261,'2020-04-10 15:42:36','2020-04-10 17:09:34',366,47),(262,'2016-11-23 23:01:55','2016-11-24 00:24:16',327,24),(263,'2014-04-01 04:42:13','2014-04-01 05:02:50',181,79),(264,'2017-05-21 09:10:33','2017-05-21 10:50:32',365,3),(265,'2019-06-25 04:36:23','2019-06-25 05:32:54',464,41),(266,'2023-07-31 19:12:13','2023-07-31 20:57:05',434,12),(267,'2015-05-21 14:17:15','2015-05-21 14:37:03',171,67),(268,'2018-02-07 14:58:43','2018-02-07 15:55:13',177,2),(269,'2023-12-05 22:11:43','2023-12-05 22:54:55',339,35),(270,'2018-03-12 17:24:35','2018-03-12 17:37:04',395,39),(271,'2018-05-02 14:43:15','2018-05-02 15:22:04',490,63),(272,'2023-10-20 07:28:16','2023-10-20 08:07:42',125,28),(273,'2014-09-19 10:08:27','2014-09-19 10:32:40',492,4),(274,'2018-07-30 23:34:03','2018-07-31 01:25:51',219,15),(275,'2015-10-15 14:38:14','2015-10-15 16:03:29',90,10),(276,'2014-09-12 14:47:33','2014-09-12 15:37:09',445,12),(277,'2023-05-07 19:57:57','2023-05-07 21:56:30',339,29),(278,'2015-12-01 15:36:29','2015-12-01 16:53:01',13,60),(279,'2023-05-28 12:53:56','2023-05-28 13:01:55',85,64),(280,'2015-04-29 14:07:01','2015-04-29 14:37:16',64,71),(281,'2020-04-03 20:57:32','2020-04-03 20:58:44',61,29),(282,'2016-08-20 10:00:18','2016-08-20 10:51:59',404,29),(283,'2021-08-06 05:13:23','2021-08-06 06:21:03',4,20),(284,'2018-06-15 15:47:26','2018-06-15 16:34:52',206,42),(285,'2021-09-27 08:03:24','2021-09-27 09:24:33',226,12),(286,'2014-09-13 08:15:21','2014-09-13 08:57:13',385,19),(287,'2016-12-04 12:59:20','2016-12-04 13:31:12',308,78),(288,'2014-02-28 23:36:58','2014-02-28 23:55:09',74,76),(289,'2014-07-14 08:22:55','2014-07-14 09:35:04',171,19),(290,'2023-09-21 01:15:48','2023-09-21 01:27:14',382,78),(291,'2019-12-20 12:01:41','2019-12-20 13:14:41',332,2),(292,'2019-04-20 09:44:58','2019-04-20 10:38:37',239,18),(293,'2014-09-04 10:23:17','2014-09-04 11:10:46',96,14),(294,'2020-05-16 07:12:20','2020-05-16 08:04:48',118,73),(295,'2014-07-19 20:11:02','2014-07-19 22:03:27',33,47),(296,'2023-08-05 23:00:54','2023-08-06 00:08:25',389,8),(297,'2020-11-24 21:14:46','2020-11-24 22:51:39',257,17),(298,'2015-12-19 17:09:26','2015-12-19 17:15:01',348,74),(299,'2017-06-18 02:10:36','2017-06-18 03:08:07',438,42),(300,'2022-06-16 09:38:17','2022-06-16 11:06:26',238,80),(301,'2022-11-29 03:25:28','2022-11-29 04:29:28',382,76),(302,'2014-07-08 07:10:23','2014-07-08 08:38:18',275,35),(303,'2021-09-10 22:19:06','2021-09-10 23:26:09',48,9),(304,'2017-08-20 05:34:18','2017-08-20 06:17:46',51,28),(305,'2021-02-10 02:24:13','2021-02-10 03:17:22',332,46),(306,'2014-07-27 15:41:14','2014-07-27 16:23:31',7,1),(307,'2014-05-15 16:09:21','2014-05-15 17:26:34',138,40),(308,'2024-01-09 08:46:02','2024-01-09 10:39:56',118,8),(309,'2017-09-24 16:15:45','2017-09-24 17:26:44',451,83),(310,'2014-04-18 15:34:13','2014-04-18 16:26:08',167,48),(311,'2017-01-12 11:10:53','2017-01-12 13:06:01',384,31),(312,'2022-03-13 11:33:39','2022-03-13 12:16:52',65,8),(313,'2015-02-09 09:15:09','2015-02-09 09:51:08',383,10),(314,'2015-01-05 20:19:57','2015-01-05 20:44:26',285,49),(315,'2018-01-19 08:22:32','2018-01-19 10:17:39',360,39),(316,'2018-09-20 11:29:20','2018-09-20 12:04:24',240,21),(317,'2018-03-08 08:32:37','2018-03-08 09:11:50',110,35),(318,'2021-10-13 12:58:02','2021-10-13 13:09:05',240,73),(319,'2021-08-30 23:33:08','2021-08-31 00:15:30',210,35),(320,'2017-08-04 20:51:30','2017-08-04 22:06:02',369,3),(321,'2020-06-23 08:57:39','2020-06-23 09:02:06',433,51),(322,'2020-06-19 18:57:45','2020-06-19 20:48:46',64,2),(323,'2022-03-04 23:34:21','2022-03-05 00:29:38',399,22),(324,'2022-10-02 05:09:42','2022-10-02 05:15:36',1,37),(325,'2018-08-01 02:13:51','2018-08-01 02:34:41',194,29),(326,'2024-01-03 05:29:08','2024-01-03 06:27:02',285,84),(327,'2018-07-05 04:53:38','2018-07-05 05:52:22',135,1),(328,'2014-03-01 09:10:25','2014-03-01 10:42:30',194,72),(329,'2022-03-26 05:50:54','2022-03-26 07:46:17',251,23),(330,'2016-03-02 00:07:49','2016-03-02 01:08:50',42,58),(331,'2020-06-30 03:29:19','2020-06-30 03:45:45',473,33),(332,'2014-06-05 23:25:22','2014-06-06 01:18:53',402,5),(333,'2016-11-23 15:20:30','2016-11-23 15:33:58',158,5),(334,'2022-03-13 10:33:14','2022-03-13 12:12:44',99,26),(335,'2022-11-18 11:58:45','2022-11-18 12:24:13',71,67),(336,'2014-05-03 06:31:37','2014-05-03 07:28:29',230,53),(337,'2018-10-24 07:50:25','2018-10-24 08:31:52',435,15),(338,'2022-10-30 03:22:13','2022-10-30 03:31:36',488,2),(339,'2017-11-07 19:57:17','2017-11-07 20:55:55',422,84),(340,'2023-06-08 14:52:25','2023-06-08 15:02:20',16,24),(341,'2015-11-28 04:42:35','2015-11-28 06:26:13',232,45),(342,'2022-10-12 03:22:55','2022-10-12 04:53:16',239,32),(343,'2022-04-01 07:47:14','2022-04-01 08:37:46',124,25),(344,'2014-03-07 18:14:30','2014-03-07 19:15:29',296,68),(345,'2017-04-04 11:44:47','2017-04-04 11:58:32',114,60),(346,'2020-12-04 17:05:34','2020-12-04 18:06:09',256,9),(347,'2018-10-02 11:41:52','2018-10-02 12:26:28',114,59),(348,'2017-11-02 05:49:56','2017-11-02 06:45:01',36,40),(349,'2015-10-26 20:12:48','2015-10-26 21:42:31',255,7),(350,'2019-08-26 02:31:43','2019-08-26 03:39:16',98,84),(351,'2022-07-02 09:02:33','2022-07-02 09:24:08',424,46),(352,'2017-09-06 17:56:57','2017-09-06 18:35:25',352,44),(353,'2018-12-24 12:12:06','2018-12-24 13:28:26',36,66),(354,'2014-02-02 03:25:47','2014-02-02 04:48:15',182,19),(355,'2018-12-19 07:20:13','2018-12-19 07:38:55',36,26),(356,'2022-12-15 20:36:48','2022-12-15 22:34:10',13,7),(357,'2021-05-04 20:27:28','2021-05-04 21:34:29',229,44),(358,'2018-08-08 23:00:18','2018-08-08 23:50:45',123,83),(359,'2015-01-23 00:11:51','2015-01-23 00:54:55',257,20),(360,'2020-08-07 16:41:50','2020-08-07 18:40:02',16,71),(361,'2014-02-15 00:50:06','2014-02-15 02:43:03',441,43),(362,'2023-01-14 17:12:51','2023-01-14 17:45:02',357,38),(363,'2015-09-25 07:15:50','2015-09-25 07:18:29',40,20),(364,'2022-11-03 23:31:30','2022-11-03 23:37:48',284,12),(365,'2017-11-05 23:49:26','2017-11-06 00:50:15',262,32),(366,'2019-12-14 04:20:58','2019-12-14 05:11:12',15,12),(367,'2023-04-14 07:42:40','2023-04-14 08:32:40',55,54),(368,'2022-02-26 09:31:25','2022-02-26 10:11:20',196,81),(369,'2018-10-05 23:04:23','2018-10-06 00:14:55',360,12),(370,'2021-04-09 16:12:13','2021-04-09 16:19:15',123,77),(371,'2019-03-03 14:06:32','2019-03-03 15:40:51',88,25),(372,'2015-03-05 09:03:48','2015-03-05 09:33:43',295,66),(373,'2023-02-10 00:35:37','2023-02-10 00:49:05',447,34),(374,'2019-11-02 09:56:29','2019-11-02 10:08:44',406,74),(375,'2018-08-14 04:26:28','2018-08-14 05:45:16',346,28),(376,'2017-08-08 07:40:46','2017-08-08 09:01:07',457,82),(377,'2020-04-02 03:19:09','2020-04-02 03:52:23',327,1),(378,'2023-09-21 05:59:38','2023-09-21 06:52:42',358,61),(379,'2022-05-29 20:32:31','2022-05-29 21:51:26',264,3),(380,'2016-03-30 08:28:55','2016-03-30 09:20:58',87,45),(381,'2021-02-10 21:39:53','2021-02-10 23:34:06',457,82),(382,'2020-06-14 06:17:41','2020-06-14 06:20:23',72,23),(383,'2019-03-25 05:41:29','2019-03-25 06:45:32',87,41),(384,'2020-02-26 22:16:28','2020-02-27 00:10:30',151,8),(385,'2023-11-05 21:31:19','2023-11-05 22:52:54',19,75),(386,'2016-07-16 11:32:41','2016-07-16 12:19:42',360,77),(387,'2016-09-23 11:22:26','2016-09-23 11:32:23',247,10),(388,'2020-10-21 13:39:33','2020-10-21 14:53:46',266,64),(389,'2014-12-17 23:47:54','2014-12-17 23:54:24',300,19),(390,'2023-10-08 13:45:09','2023-10-08 15:27:41',423,1),(391,'2016-04-02 05:43:27','2016-04-02 07:16:24',180,11),(392,'2022-04-24 16:18:38','2022-04-24 17:11:14',370,62),(393,'2021-03-15 16:27:01','2021-03-15 17:04:14',235,67),(394,'2023-12-31 09:13:19','2023-12-31 10:18:06',88,72),(395,'2016-06-10 19:35:37','2016-06-10 21:24:25',383,36),(396,'2021-07-08 14:32:15','2021-07-08 15:06:09',202,39),(397,'2023-09-21 09:39:13','2023-09-21 10:15:42',100,85),(398,'2023-04-02 03:44:05','2023-04-02 05:21:30',251,23),(399,'2022-08-07 04:55:06','2022-08-07 06:24:45',333,5),(400,'2015-06-01 22:34:32','2015-06-01 22:50:14',458,78),(401,'2023-06-07 17:35:38','2023-06-07 18:16:37',149,70),(402,'2023-10-15 04:28:50','2023-10-15 05:59:08',253,49),(403,'2016-08-24 13:31:33','2016-08-24 15:24:06',490,70),(404,'2020-12-01 19:44:53','2020-12-01 20:53:56',426,30),(405,'2018-08-19 02:47:32','2018-08-19 03:25:29',266,12),(406,'2017-07-12 10:03:25','2017-07-12 10:27:53',246,44),(407,'2015-06-17 20:57:46','2015-06-17 21:05:36',182,80),(408,'2021-04-05 01:49:15','2021-04-05 02:23:33',476,19),(409,'2018-05-17 11:27:07','2018-05-17 12:28:07',77,12),(410,'2020-04-18 04:21:21','2020-04-18 06:00:20',361,61),(411,'2018-09-17 07:13:47','2018-09-17 07:14:21',212,61),(412,'2015-01-04 12:50:22','2015-01-04 13:32:33',473,2),(413,'2022-06-24 15:47:25','2022-06-24 17:07:10',287,85),(414,'2020-09-09 14:17:33','2020-09-09 15:21:08',153,33),(415,'2020-06-06 07:07:00','2020-06-06 07:49:36',101,3),(416,'2015-09-06 04:52:01','2015-09-06 05:02:59',56,26),(417,'2023-10-14 19:54:40','2023-10-14 20:31:21',448,32),(418,'2016-03-20 21:28:11','2016-03-20 22:59:56',347,51),(419,'2017-03-04 02:02:52','2017-03-04 03:15:39',434,4),(420,'2016-05-14 20:02:46','2016-05-14 21:36:27',164,78),(421,'2016-06-16 02:44:16','2016-06-16 04:40:16',424,78),(422,'2017-07-28 10:29:06','2017-07-28 11:08:04',365,7),(423,'2014-05-31 14:41:25','2014-05-31 16:34:19',260,21),(424,'2018-11-27 10:58:47','2018-11-27 12:06:01',198,58),(425,'2018-03-09 19:56:22','2018-03-09 20:42:53',77,73),(426,'2014-06-17 22:58:16','2014-06-18 00:52:24',137,25),(427,'2018-12-01 02:34:09','2018-12-01 03:31:14',197,57),(428,'2014-02-25 19:00:30','2014-02-25 19:09:36',438,74),(429,'2018-06-26 21:44:50','2018-06-26 21:53:46',308,44),(430,'2021-05-26 03:36:22','2021-05-26 04:36:21',61,65),(431,'2020-05-31 08:14:43','2020-05-31 08:37:01',268,74),(432,'2015-12-30 06:00:27','2015-12-30 06:45:09',63,14),(433,'2019-07-26 15:22:14','2019-07-26 16:51:07',410,61),(434,'2021-11-26 07:35:40','2021-11-26 08:58:53',153,72),(435,'2014-09-26 22:00:17','2014-09-26 22:14:34',79,44),(436,'2019-02-16 18:26:23','2019-02-16 19:12:25',5,51),(437,'2016-04-11 14:48:40','2016-04-11 15:46:22',173,27),(438,'2018-11-19 21:05:58','2018-11-19 22:54:24',452,13),(439,'2020-11-02 16:32:44','2020-11-02 17:26:33',477,64),(440,'2016-09-04 05:00:03','2016-09-04 06:49:04',287,19),(441,'2020-08-20 16:03:21','2020-08-20 17:33:38',360,13),(442,'2022-10-04 20:03:26','2022-10-04 21:02:58',79,44),(443,'2021-08-13 14:04:06','2021-08-13 15:26:37',97,64),(444,'2019-05-11 11:48:03','2019-05-11 13:33:48',179,20),(445,'2018-03-23 02:15:59','2018-03-23 04:01:57',234,1),(446,'2018-07-06 17:11:10','2018-07-06 17:57:44',298,5),(447,'2016-05-06 23:17:39','2016-05-07 00:47:00',393,69),(448,'2020-05-03 00:55:36','2020-05-03 02:08:48',330,20),(449,'2020-09-08 05:34:09','2020-09-08 06:18:09',166,24),(450,'2019-12-03 04:32:52','2019-12-03 05:35:18',496,61),(451,'2022-08-24 15:08:33','2022-08-24 15:50:29',396,67),(452,'2021-05-01 05:00:22','2021-05-01 05:45:25',182,4),(453,'2023-07-08 14:51:15','2023-07-08 15:34:11',395,49),(454,'2020-02-09 00:18:08','2020-02-09 01:39:24',290,58),(455,'2018-03-29 11:35:05','2018-03-29 12:38:29',313,53),(456,'2022-11-01 11:59:06','2022-11-01 12:48:29',472,49),(457,'2020-01-14 03:50:15','2020-01-14 04:44:13',283,48),(458,'2016-05-24 16:08:56','2016-05-24 17:17:55',469,77),(459,'2015-02-17 10:53:10','2015-02-17 11:49:27',119,55),(460,'2023-12-17 01:47:00','2023-12-17 01:51:10',369,19),(461,'2016-01-04 23:07:22','2016-01-05 00:38:28',308,82),(462,'2022-07-04 22:52:16','2022-07-04 23:07:45',483,49),(463,'2019-10-12 04:01:07','2019-10-12 04:13:02',23,54),(464,'2023-10-23 21:16:53','2023-10-23 21:19:27',184,45),(465,'2023-11-26 14:38:17','2023-11-26 16:20:20',130,31),(466,'2023-11-12 11:14:21','2023-11-12 11:30:01',98,77),(467,'2023-05-28 03:49:36','2023-05-28 05:16:27',392,12),(468,'2015-05-12 07:08:10','2015-05-12 08:11:58',339,1),(469,'2022-04-08 00:21:20','2022-04-08 00:25:00',199,44),(470,'2022-10-23 21:11:37','2022-10-23 21:14:09',23,24),(471,'2017-09-26 03:47:59','2017-09-26 05:32:16',398,21),(472,'2020-06-07 02:03:43','2020-06-07 03:26:11',191,3),(473,'2022-10-01 02:17:10','2022-10-01 02:30:53',414,41),(474,'2022-06-17 03:31:02','2022-06-17 04:36:57',398,78),(475,'2015-08-03 10:59:01','2015-08-03 12:18:16',261,40),(476,'2014-04-22 01:22:45','2014-04-22 02:15:42',173,63),(477,'2015-12-02 11:25:25','2015-12-02 11:31:45',34,38),(478,'2022-10-10 09:20:11','2022-10-10 10:32:55',121,1),(479,'2015-03-17 11:57:21','2015-03-17 12:49:45',492,63),(480,'2023-01-15 10:46:51','2023-01-15 12:22:46',336,33),(481,'2023-05-10 20:43:34','2023-05-10 20:44:26',80,41),(482,'2014-11-10 23:27:35','2014-11-11 00:33:50',435,12),(483,'2023-04-04 20:35:09','2023-04-04 21:50:55',67,57),(484,'2017-02-23 18:40:15','2017-02-23 20:27:03',481,83),(485,'2018-02-25 19:27:54','2018-02-25 20:54:41',353,52),(486,'2021-05-25 22:05:56','2021-05-25 23:07:14',485,16),(487,'2015-01-16 10:11:15','2015-01-16 11:32:51',434,79),(488,'2017-04-24 14:26:56','2017-04-24 14:35:29',372,24),(489,'2015-06-05 15:16:42','2015-06-05 15:42:15',233,82),(490,'2015-03-17 20:46:54','2015-03-17 21:22:24',404,6),(491,'2023-07-14 14:42:23','2023-07-14 16:08:14',345,22),(492,'2021-10-05 20:14:23','2021-10-05 21:22:51',173,34),(493,'2014-02-25 22:08:30','2014-02-25 23:24:23',366,43),(494,'2015-03-04 04:32:03','2015-03-04 06:09:13',36,16),(495,'2020-04-23 20:21:34','2020-04-23 21:51:05',164,57),(496,'2020-05-22 18:19:02','2020-05-22 19:37:04',351,58),(497,'2015-02-23 08:57:06','2015-02-23 09:25:26',321,31),(498,'2015-06-22 08:34:31','2015-06-22 09:43:43',393,3),(499,'2018-06-27 00:01:13','2018-06-27 01:21:16',16,79),(500,'2018-11-06 05:07:11','2018-11-06 05:18:25',491,9),(501,'2017-03-18 14:02:31','2017-03-18 15:18:10',321,39),(502,'2022-03-04 09:00:04','2022-03-04 10:27:51',482,70),(503,'2018-11-23 23:08:25','2018-11-24 00:13:12',234,84),(504,'2019-08-17 19:52:35','2019-08-17 21:05:47',411,40),(505,'2024-01-01 23:17:24','2024-01-02 01:11:50',325,74),(506,'2015-12-13 05:56:44','2015-12-13 06:56:06',233,80),(507,'2021-06-14 14:39:32','2021-06-14 14:54:41',150,70),(508,'2017-08-06 16:15:02','2017-08-06 16:32:50',430,81),(509,'2015-10-15 21:23:51','2015-10-15 23:06:21',83,81),(510,'2014-09-07 14:09:08','2014-09-07 14:34:32',464,45),(511,'2021-01-18 04:27:54','2021-01-18 05:38:13',396,56),(512,'2018-04-07 04:19:31','2018-04-07 05:12:25',451,34),(513,'2017-11-20 09:23:44','2017-11-20 11:08:21',365,41),(514,'2015-01-18 21:57:38','2015-01-18 22:15:39',454,50),(515,'2014-03-22 00:44:20','2014-03-22 01:07:05',169,23),(516,'2015-06-03 17:17:12','2015-06-03 17:45:13',209,8),(517,'2016-03-30 08:29:27','2016-03-30 10:24:08',254,73),(518,'2015-07-12 19:54:40','2015-07-12 21:25:05',356,28),(519,'2018-12-23 10:22:33','2018-12-23 10:51:44',168,64),(520,'2020-12-17 20:14:20','2020-12-17 20:55:40',230,73),(521,'2018-05-12 10:14:35','2018-05-12 10:14:50',306,12),(522,'2015-08-12 09:00:03','2015-08-12 09:16:04',202,41),(523,'2022-03-03 04:59:09','2022-03-03 05:30:38',87,65),(524,'2017-05-21 10:37:36','2017-05-21 10:42:13',172,77),(525,'2014-12-31 08:29:16','2014-12-31 10:13:53',317,17),(526,'2023-04-11 19:17:55','2023-04-11 21:09:01',295,11),(527,'2019-07-02 12:46:43','2019-07-02 13:47:35',226,29),(528,'2018-07-13 03:20:17','2018-07-13 03:30:23',61,58),(529,'2015-04-25 07:21:04','2015-04-25 08:42:23',370,61),(530,'2016-01-22 18:02:41','2016-01-22 19:11:09',375,7),(531,'2019-11-22 15:02:01','2019-11-22 15:50:03',137,2),(532,'2023-01-23 03:57:18','2023-01-23 05:04:30',190,61),(533,'2016-01-26 22:20:58','2016-01-26 23:10:16',386,60),(534,'2018-08-07 10:00:12','2018-08-07 10:07:43',121,68),(535,'2021-07-22 07:49:58','2021-07-22 08:58:13',114,74),(536,'2020-06-18 15:10:23','2020-06-18 16:25:55',299,49),(537,'2019-11-30 04:17:24','2019-11-30 05:01:35',343,19),(538,'2023-09-14 16:08:00','2023-09-14 16:52:54',390,39),(539,'2018-04-15 07:18:09','2018-04-15 07:55:15',209,4),(540,'2019-04-09 21:41:50','2019-04-09 22:26:36',24,27),(541,'2014-08-14 05:32:04','2014-08-14 06:20:41',153,77),(542,'2015-08-23 11:10:10','2015-08-23 12:08:37',384,76),(543,'2020-09-16 03:36:17','2020-09-16 05:02:58',406,60),(544,'2014-05-30 11:53:06','2014-05-30 13:05:29',292,34),(545,'2016-11-01 15:40:16','2016-11-01 17:31:37',118,71),(546,'2018-01-11 12:09:56','2018-01-11 12:56:39',34,51),(547,'2016-05-10 10:43:10','2016-05-10 11:55:49',458,36),(548,'2015-12-26 19:33:51','2015-12-26 19:45:17',206,35),(549,'2017-09-19 01:12:07','2017-09-19 01:58:42',51,31),(550,'2017-04-02 07:40:15','2017-04-02 09:39:56',47,82),(551,'2015-08-11 17:40:22','2015-08-11 18:58:02',290,11),(552,'2023-01-11 13:56:18','2023-01-11 14:12:17',484,1),(553,'2014-04-11 09:35:23','2014-04-11 11:10:34',34,31),(554,'2014-10-19 00:10:58','2014-10-19 00:19:48',489,16),(555,'2014-05-26 10:05:35','2014-05-26 11:41:16',309,27),(556,'2020-10-23 13:58:38','2020-10-23 14:10:44',500,44),(557,'2015-03-29 07:48:21','2015-03-29 09:11:11',406,53),(558,'2018-10-19 00:37:15','2018-10-19 01:25:58',335,63),(559,'2021-05-29 08:44:41','2021-05-29 10:30:56',338,20),(560,'2018-01-17 19:33:03','2018-01-17 20:20:33',105,60),(561,'2018-02-22 05:25:20','2018-02-22 05:41:27',174,39),(562,'2022-12-13 09:13:03','2022-12-13 11:05:47',186,27),(563,'2020-01-19 08:21:17','2020-01-19 08:41:55',251,35),(564,'2016-09-27 18:44:53','2016-09-27 19:47:34',240,4),(565,'2016-09-04 20:14:11','2016-09-04 20:14:28',177,1),(566,'2016-10-11 16:30:34','2016-10-11 18:24:57',226,4),(567,'2017-01-13 10:19:16','2017-01-13 10:38:43',8,69),(568,'2022-12-11 03:15:53','2022-12-11 04:24:14',485,46),(569,'2016-06-07 19:29:04','2016-06-07 20:50:23',467,12),(570,'2020-03-07 17:05:49','2020-03-07 18:38:53',149,55),(571,'2015-08-12 21:10:15','2015-08-12 22:41:04',200,59),(572,'2022-08-31 12:58:48','2022-08-31 13:27:41',21,22),(573,'2022-09-21 00:58:10','2022-09-21 01:29:53',444,54),(574,'2015-08-12 07:20:17','2015-08-12 08:27:15',494,63),(575,'2023-02-21 11:20:51','2023-02-21 12:24:56',111,11),(576,'2019-04-05 09:58:12','2019-04-05 11:17:03',203,26),(577,'2014-08-06 11:52:13','2014-08-06 13:10:25',166,37),(578,'2019-09-25 15:35:01','2019-09-25 15:43:00',282,35),(579,'2023-04-21 15:02:20','2023-04-21 15:53:59',218,28),(580,'2014-07-12 00:26:25','2014-07-12 01:34:44',152,65),(581,'2014-11-01 01:58:37','2014-11-01 03:48:22',459,84),(582,'2019-06-16 00:04:01','2019-06-16 00:39:55',405,80),(583,'2019-12-05 21:06:45','2019-12-05 21:37:00',131,39),(584,'2014-02-28 07:05:23','2014-02-28 08:14:16',420,12),(585,'2016-06-09 01:49:17','2016-06-09 03:30:08',108,32),(586,'2019-05-13 03:45:03','2019-05-13 04:43:31',464,28),(587,'2018-09-02 18:38:16','2018-09-02 20:21:00',294,32),(588,'2023-09-15 04:43:09','2023-09-15 06:39:12',139,28),(589,'2017-01-19 20:39:06','2017-01-19 21:24:03',27,83),(590,'2016-09-25 03:37:12','2016-09-25 04:31:05',210,73),(591,'2021-07-30 12:24:21','2021-07-30 12:34:34',409,74),(592,'2020-02-14 04:33:39','2020-02-14 05:38:07',183,84),(593,'2016-10-03 04:45:58','2016-10-03 05:20:44',287,24),(594,'2019-05-15 03:42:40','2019-05-15 05:34:42',488,59),(595,'2017-04-17 10:20:32','2017-04-17 10:57:38',403,80),(596,'2017-04-30 13:52:31','2017-04-30 14:43:25',60,67),(597,'2024-01-09 08:19:32','2024-01-09 09:36:25',443,11),(598,'2022-06-18 23:26:13','2022-06-19 00:36:14',396,84),(599,'2015-11-20 18:26:14','2015-11-20 19:26:35',253,30),(600,'2021-09-29 11:15:49','2021-09-29 12:18:15',72,29),(601,'2014-12-21 23:05:51','2014-12-21 23:15:37',7,2),(602,'2023-07-07 15:11:23','2023-07-07 15:13:00',423,31),(603,'2023-03-24 14:45:16','2023-03-24 15:18:00',33,15),(604,'2020-02-13 07:41:21','2020-02-13 08:32:45',40,72),(605,'2020-07-27 10:38:40','2020-07-27 12:26:13',334,42),(606,'2023-05-29 23:32:24','2023-05-30 01:04:15',185,54),(607,'2019-08-17 21:43:49','2019-08-17 21:46:08',416,60),(608,'2022-03-24 15:17:09','2022-03-24 16:04:09',489,34),(609,'2017-02-11 16:32:38','2017-02-11 17:43:54',269,39),(610,'2017-10-08 10:41:48','2017-10-08 10:49:59',263,43),(611,'2019-11-15 13:48:47','2019-11-15 14:37:25',89,71),(612,'2015-07-22 01:16:30','2015-07-22 02:48:00',480,64),(613,'2015-01-17 06:01:49','2015-01-17 07:35:03',69,28),(614,'2023-07-24 01:34:28','2023-07-24 01:40:28',322,3),(615,'2018-07-12 18:29:44','2018-07-12 20:29:32',442,64),(616,'2014-06-17 21:15:58','2014-06-17 21:36:29',283,7),(617,'2014-12-02 22:06:40','2014-12-02 22:45:47',367,55),(618,'2021-03-13 11:33:36','2021-03-13 12:35:06',7,30),(619,'2016-03-14 09:13:12','2016-03-14 10:55:07',352,47),(620,'2023-03-14 19:00:02','2023-03-14 19:48:21',115,2),(621,'2016-09-11 05:23:27','2016-09-11 07:22:45',74,1),(622,'2018-01-17 23:59:00','2018-01-18 01:42:34',316,4),(623,'2017-02-10 09:14:13','2017-02-10 10:15:34',424,76),(624,'2019-02-20 12:35:09','2019-02-20 12:58:55',320,21),(625,'2019-08-06 04:21:08','2019-08-06 05:25:28',49,81),(626,'2022-01-25 03:24:29','2022-01-25 04:24:37',62,55),(627,'2015-05-27 17:03:05','2015-05-27 18:57:12',140,9),(628,'2021-07-12 08:55:01','2021-07-12 10:49:34',363,66),(629,'2014-01-13 05:16:57','2014-01-13 05:32:54',126,79),(630,'2020-06-25 08:09:14','2020-06-25 09:40:05',100,32),(631,'2023-07-26 23:19:09','2023-07-26 23:20:18',412,31),(632,'2019-05-16 12:07:12','2019-05-16 12:19:37',76,51),(633,'2020-06-08 15:49:23','2020-06-08 16:54:28',447,13),(634,'2022-12-27 01:45:48','2022-12-27 02:04:34',31,78),(635,'2017-03-19 19:13:47','2017-03-19 21:03:53',437,82),(636,'2022-09-19 05:19:33','2022-09-19 06:49:50',482,85),(637,'2014-01-09 17:09:44','2014-01-09 18:53:05',232,35),(638,'2022-04-25 08:04:32','2022-04-25 09:19:48',394,46),(639,'2017-01-03 20:47:01','2017-01-03 21:06:37',409,40),(640,'2014-07-04 13:06:29','2014-07-04 14:36:48',142,11),(641,'2014-02-02 15:07:22','2014-02-02 16:48:54',337,79),(642,'2023-07-19 19:55:47','2023-07-19 21:03:19',146,81),(643,'2014-11-09 22:12:18','2014-11-09 22:47:59',77,21),(644,'2018-05-31 06:11:48','2018-05-31 08:10:29',165,41),(645,'2019-02-26 09:01:30','2019-02-26 10:39:36',379,26),(646,'2014-04-05 22:55:27','2014-04-06 00:20:36',296,40),(647,'2023-11-23 09:39:23','2023-11-23 10:53:03',426,65),(648,'2020-01-27 00:06:03','2020-01-27 00:56:25',467,82),(649,'2018-11-30 15:56:12','2018-11-30 17:36:46',220,81),(650,'2021-08-08 08:08:31','2021-08-08 08:31:19',154,73),(651,'2020-02-22 02:52:23','2020-02-22 03:34:05',162,84),(652,'2021-08-12 20:01:25','2021-08-12 21:50:07',305,52),(653,'2019-04-25 19:43:46','2019-04-25 20:48:07',285,57),(654,'2019-02-09 09:37:31','2019-02-09 10:10:45',261,59),(655,'2017-02-20 19:50:11','2017-02-20 21:48:08',222,44),(656,'2016-01-16 15:06:27','2016-01-16 15:50:43',256,41),(657,'2020-06-13 08:43:56','2020-06-13 09:51:35',119,75),(658,'2016-06-11 22:39:25','2016-06-11 22:48:31',52,17),(659,'2023-11-10 05:37:41','2023-11-10 06:20:20',299,20),(660,'2022-01-31 10:58:54','2022-01-31 11:51:06',356,53),(661,'2020-09-21 02:27:56','2020-09-21 02:57:09',324,20),(662,'2014-02-21 19:34:09','2014-02-21 20:16:50',68,27),(663,'2015-11-05 16:40:39','2015-11-05 17:23:52',442,77),(664,'2019-06-11 12:13:11','2019-06-11 12:48:29',144,50),(665,'2017-07-23 07:40:58','2017-07-23 08:47:26',224,11),(666,'2015-10-25 05:56:24','2015-10-25 06:13:19',206,53),(667,'2022-06-27 18:48:43','2022-06-27 20:21:23',50,79),(668,'2016-05-20 02:17:21','2016-05-20 04:03:57',368,58),(669,'2015-10-28 20:44:56','2015-10-28 21:06:32',446,20),(670,'2022-08-29 14:41:22','2022-08-29 14:52:29',213,3),(671,'2019-12-07 19:08:11','2019-12-07 19:56:21',6,15),(672,'2021-09-20 01:15:21','2021-09-20 01:24:56',388,67),(673,'2014-08-10 10:52:50','2014-08-10 12:08:06',348,80),(674,'2019-02-09 02:33:35','2019-02-09 04:27:47',69,36),(675,'2016-11-08 12:10:29','2016-11-08 14:00:15',448,75),(676,'2017-07-28 05:24:59','2017-07-28 07:16:25',289,8),(677,'2018-03-10 23:35:32','2018-03-11 00:14:56',228,66),(678,'2020-03-08 09:05:45','2020-03-08 11:00:00',157,64),(679,'2018-04-23 08:05:16','2018-04-23 09:21:32',403,66),(680,'2023-06-19 02:48:30','2023-06-19 04:03:41',176,78),(681,'2016-03-06 04:18:31','2016-03-06 06:10:18',304,31),(682,'2019-04-29 07:37:49','2019-04-29 07:52:20',398,69),(683,'2022-10-19 15:26:20','2022-10-19 15:31:07',239,60),(684,'2015-08-08 13:21:21','2015-08-08 13:48:39',447,48),(685,'2021-08-08 02:43:30','2021-08-08 04:42:20',111,38),(686,'2023-03-28 00:18:48','2023-03-28 01:56:42',107,26),(687,'2023-04-20 22:20:16','2023-04-20 23:15:56',442,38),(688,'2019-10-30 15:22:25','2019-10-30 17:20:30',400,67),(689,'2022-11-17 23:17:09','2022-11-18 00:57:26',188,70),(690,'2021-11-20 08:40:46','2021-11-20 09:51:03',357,19),(691,'2016-06-27 03:58:22','2016-06-27 04:14:29',416,56),(692,'2015-05-17 21:03:23','2015-05-17 21:43:12',465,39),(693,'2023-09-20 19:50:37','2023-09-20 20:48:46',23,21),(694,'2016-07-07 12:18:31','2016-07-07 12:47:08',128,52),(695,'2019-08-01 06:00:38','2019-08-01 06:57:08',111,83),(696,'2017-01-09 17:08:04','2017-01-09 17:51:28',201,67),(697,'2015-10-14 19:53:35','2015-10-14 21:09:45',211,56),(698,'2016-09-01 23:40:31','2016-09-02 00:06:07',240,64),(699,'2016-07-17 01:30:02','2016-07-17 02:38:57',472,62),(700,'2018-11-28 22:15:01','2018-11-29 00:01:52',375,50),(701,'2022-03-29 08:31:17','2022-03-29 09:30:25',95,13),(702,'2015-10-01 09:46:12','2015-10-01 11:09:45',376,60),(703,'2022-11-27 15:50:31','2022-11-27 16:24:01',261,40),(704,'2014-03-02 21:20:27','2014-03-02 22:54:03',86,70),(705,'2020-08-28 12:33:15','2020-08-28 14:05:42',114,37),(706,'2017-04-25 10:47:53','2017-04-25 10:53:02',200,1),(707,'2016-06-04 11:32:19','2016-06-04 13:30:44',52,79),(708,'2015-01-04 16:46:58','2015-01-04 17:53:52',375,78),(709,'2023-12-01 10:30:21','2023-12-01 10:49:54',134,85),(710,'2023-07-07 08:46:00','2023-07-07 10:13:53',140,61),(711,'2020-06-13 08:12:35','2020-06-13 09:36:10',233,43),(712,'2021-01-23 14:49:26','2021-01-23 14:55:23',27,73),(713,'2023-05-06 10:20:10','2023-05-06 11:31:43',239,12),(714,'2019-11-29 04:56:03','2019-11-29 06:09:33',446,61),(715,'2014-08-19 12:07:00','2014-08-19 14:06:37',165,6),(716,'2020-05-22 05:09:27','2020-05-22 06:24:37',68,55),(717,'2023-01-23 08:41:17','2023-01-23 10:32:24',185,35),(718,'2017-11-04 19:16:07','2017-11-04 20:49:08',68,26),(719,'2021-08-15 09:56:59','2021-08-15 10:59:45',359,42),(720,'2018-10-09 17:09:32','2018-10-09 18:32:29',45,9),(721,'2018-07-20 23:05:05','2018-07-20 23:48:40',488,76),(722,'2014-09-15 04:37:34','2014-09-15 04:58:26',497,62),(723,'2023-01-08 11:33:45','2023-01-08 12:29:46',358,14),(724,'2020-06-05 02:11:26','2020-06-05 02:23:32',110,27),(725,'2014-03-30 14:57:53','2014-03-30 15:55:13',189,66),(726,'2015-11-29 05:16:55','2015-11-29 06:28:27',69,8),(727,'2018-04-10 09:02:24','2018-04-10 09:27:32',419,37),(728,'2014-12-11 13:42:24','2014-12-11 14:28:49',302,49),(729,'2023-08-06 21:28:02','2023-08-06 22:50:42',434,44),(730,'2019-08-06 08:06:06','2019-08-06 09:07:48',180,28),(731,'2016-11-15 11:51:51','2016-11-15 12:02:05',234,70),(732,'2015-05-28 09:11:59','2015-05-28 10:36:20',191,53),(733,'2021-08-21 12:35:12','2021-08-21 14:21:21',229,70),(734,'2016-06-11 09:31:58','2016-06-11 10:31:04',86,4),(735,'2014-01-31 03:17:06','2014-01-31 04:15:48',399,9),(736,'2017-08-06 02:44:42','2017-08-06 03:55:44',394,31),(737,'2018-08-20 04:32:26','2018-08-20 05:38:17',96,50),(738,'2020-10-23 12:20:21','2020-10-23 12:38:47',473,4),(739,'2019-06-07 11:25:23','2019-06-07 12:25:20',185,9),(740,'2017-12-14 09:24:29','2017-12-14 11:07:10',417,80),(741,'2015-06-22 19:58:58','2015-06-22 20:03:18',418,44),(742,'2018-08-11 11:10:40','2018-08-11 12:20:44',500,62),(743,'2019-09-10 17:05:56','2019-09-10 18:08:02',449,24),(744,'2018-04-30 19:29:21','2018-04-30 20:28:45',118,25),(745,'2019-07-03 01:50:08','2019-07-03 02:04:23',326,30),(746,'2020-03-29 07:39:26','2020-03-29 09:33:13',174,53),(747,'2020-03-27 21:18:04','2020-03-27 21:40:34',479,16),(748,'2021-12-10 18:30:34','2021-12-10 19:36:02',202,20),(749,'2022-04-03 07:53:53','2022-04-03 08:24:18',166,42),(750,'2023-05-13 01:18:54','2023-05-13 02:56:55',317,41),(751,'2014-11-09 05:23:17','2014-11-09 05:57:45',257,19),(752,'2015-10-10 16:45:30','2015-10-10 17:24:17',237,47),(753,'2016-11-10 20:09:36','2016-11-10 21:08:31',126,14),(754,'2014-09-03 09:41:10','2014-09-03 10:16:00',480,61),(755,'2017-12-25 06:56:07','2017-12-25 08:20:10',159,53),(756,'2019-05-28 03:02:19','2019-05-28 03:59:13',297,82),(757,'2023-05-09 12:18:04','2023-05-09 13:06:20',111,45),(758,'2021-07-24 18:48:21','2021-07-24 20:26:07',414,31),(759,'2022-05-25 09:28:23','2022-05-25 10:14:32',126,64),(760,'2018-06-23 14:40:08','2018-06-23 14:56:02',34,20),(761,'2015-02-25 20:59:41','2015-02-25 21:42:47',100,72),(762,'2019-04-03 02:06:39','2019-04-03 03:22:17',223,53),(763,'2015-01-26 11:09:40','2015-01-26 11:16:35',253,10),(764,'2020-06-04 23:22:45','2020-06-04 23:39:14',125,79),(765,'2023-11-17 21:46:50','2023-11-17 22:53:38',89,67),(766,'2018-11-26 16:15:47','2018-11-26 18:01:46',471,70),(767,'2023-10-22 17:58:03','2023-10-22 18:54:48',289,9),(768,'2023-02-22 02:01:21','2023-02-22 03:48:02',498,35),(769,'2023-11-04 14:52:48','2023-11-04 16:22:36',448,17),(770,'2021-02-19 03:03:18','2021-02-19 03:44:37',487,30),(771,'2020-05-06 23:53:34','2020-05-07 00:09:28',178,22),(772,'2019-06-14 06:35:45','2019-06-14 07:58:13',181,48),(773,'2016-04-01 15:19:55','2016-04-01 16:50:00',243,68),(774,'2020-02-16 06:03:55','2020-02-16 08:02:20',450,37),(775,'2024-01-04 21:34:14','2024-01-04 21:47:03',107,81),(776,'2020-03-20 12:32:29','2020-03-20 12:32:29',233,45),(777,'2015-06-15 02:43:32','2015-06-15 04:09:06',340,38),(778,'2020-03-08 10:34:35','2020-03-08 11:18:55',234,7),(779,'2019-03-09 02:36:04','2019-03-09 04:19:47',461,33),(780,'2020-09-01 17:35:11','2020-09-01 19:15:26',58,28),(781,'2019-12-03 18:31:08','2019-12-03 18:50:07',299,4),(782,'2017-07-07 19:09:14','2017-07-07 20:54:13',498,32),(783,'2018-05-31 22:06:03','2018-05-31 22:55:24',478,61),(784,'2018-01-21 18:02:31','2018-01-21 18:09:28',183,22),(785,'2021-01-26 03:44:24','2021-01-26 05:35:14',7,59),(786,'2016-05-13 07:50:53','2016-05-13 08:25:31',290,7),(787,'2014-11-14 00:49:08','2014-11-14 01:03:41',438,66),(788,'2018-09-02 07:52:41','2018-09-02 09:07:39',369,50),(789,'2019-02-09 05:22:31','2019-02-09 07:12:18',261,68),(790,'2015-01-06 20:29:46','2015-01-06 21:04:16',413,40),(791,'2021-11-08 16:26:32','2021-11-08 18:15:21',431,47),(792,'2023-09-09 14:54:35','2023-09-09 15:01:38',449,21),(793,'2016-08-26 19:35:14','2016-08-26 20:31:10',41,48),(794,'2020-06-17 09:17:29','2020-06-17 11:05:59',376,80),(795,'2021-03-15 18:24:45','2021-03-15 19:21:37',191,3),(796,'2023-10-19 10:51:43','2023-10-19 11:13:17',296,50),(797,'2018-05-06 21:36:30','2018-05-06 22:18:39',111,75),(798,'2023-03-11 13:00:41','2023-03-11 14:42:15',127,68),(799,'2016-12-11 07:36:08','2016-12-11 08:07:54',458,33),(800,'2023-12-25 22:24:44','2023-12-25 23:22:47',415,44),(801,'2023-06-28 09:24:12','2023-06-28 09:27:25',165,8),(802,'2017-02-18 11:19:34','2017-02-18 12:16:31',327,62),(803,'2021-07-23 12:33:39','2021-07-23 13:33:38',396,44),(804,'2014-10-26 12:17:59','2014-10-26 12:35:09',100,21),(805,'2018-10-10 23:20:20','2018-10-10 23:39:33',1,27),(806,'2019-07-25 06:20:42','2019-07-25 07:20:46',67,29),(807,'2017-09-18 03:22:50','2017-09-18 05:08:07',198,80),(808,'2021-05-25 10:31:56','2021-05-25 11:12:13',255,6),(809,'2014-07-07 18:25:21','2014-07-07 19:36:39',249,12),(810,'2014-09-02 13:11:27','2014-09-02 14:43:56',11,9),(811,'2023-01-13 07:02:33','2023-01-13 07:29:35',162,25),(812,'2022-03-31 01:40:42','2022-03-31 03:33:31',217,39),(813,'2023-08-06 18:11:21','2023-08-06 19:28:47',274,38),(814,'2019-02-23 19:17:18','2019-02-23 20:11:03',461,64),(815,'2021-06-06 01:17:18','2021-06-06 01:40:32',278,9),(816,'2022-07-05 07:14:30','2022-07-05 08:23:40',28,44),(817,'2023-01-31 12:14:36','2023-01-31 13:05:52',190,45),(818,'2020-07-25 08:39:36','2020-07-25 09:48:32',290,67),(819,'2014-10-02 11:39:07','2014-10-02 12:10:07',200,85),(820,'2016-12-23 14:16:40','2016-12-23 14:44:40',379,27),(821,'2014-07-21 08:09:43','2014-07-21 08:46:27',327,65),(822,'2014-11-05 09:32:25','2014-11-05 10:45:30',390,50),(823,'2016-04-25 04:38:24','2016-04-25 06:07:25',184,64),(824,'2021-03-03 03:40:22','2021-03-03 04:04:38',12,82),(825,'2023-03-27 06:04:04','2023-03-27 07:08:37',73,80),(826,'2022-05-14 23:46:52','2022-05-15 01:43:59',495,45),(827,'2014-08-30 12:22:37','2014-08-30 12:56:19',262,35),(828,'2017-12-26 09:35:59','2017-12-26 10:47:31',120,57),(829,'2022-10-07 04:01:19','2022-10-07 04:27:45',115,12),(830,'2023-05-06 08:21:07','2023-05-06 08:30:15',219,44),(831,'2022-07-10 04:17:35','2022-07-10 04:22:35',407,41),(832,'2014-07-23 21:26:03','2014-07-23 21:41:43',178,70),(833,'2021-10-03 14:25:06','2021-10-03 15:36:27',162,26),(834,'2015-11-08 07:41:23','2015-11-08 09:17:57',165,33),(835,'2019-03-19 03:22:55','2019-03-19 04:26:02',231,26),(836,'2016-07-16 10:07:36','2016-07-16 10:46:42',250,84),(837,'2014-06-01 20:54:50','2014-06-01 22:19:46',428,35),(838,'2015-06-04 13:09:18','2015-06-04 14:34:42',5,73),(839,'2015-05-22 19:00:28','2015-05-22 19:35:28',308,10),(840,'2024-01-14 22:27:47','2024-01-14 23:38:51',380,34),(841,'2014-04-03 07:56:09','2014-04-03 08:37:14',452,60),(842,'2016-07-21 08:47:53','2016-07-21 09:09:02',236,54),(843,'2014-03-10 12:35:13','2014-03-10 13:21:18',63,6),(844,'2021-08-14 11:12:53','2021-08-14 11:33:21',387,23),(845,'2017-09-22 01:46:19','2017-09-22 02:23:16',9,8),(846,'2021-10-14 09:24:07','2021-10-14 09:57:42',3,68),(847,'2023-10-08 16:09:31','2023-10-08 17:06:06',255,80),(848,'2016-04-24 21:49:37','2016-04-24 23:28:35',312,73),(849,'2022-02-20 14:20:32','2022-02-20 15:38:06',275,62),(850,'2020-04-07 23:19:53','2020-04-08 00:07:02',428,12),(851,'2021-11-10 10:55:55','2021-11-10 11:52:04',371,52),(852,'2023-04-07 04:48:02','2023-04-07 05:27:04',323,28),(853,'2022-03-08 06:41:23','2022-03-08 06:53:56',380,85),(854,'2021-11-02 21:21:01','2021-11-02 21:23:23',313,60),(855,'2021-11-17 17:08:35','2021-11-17 18:05:02',48,26),(856,'2019-10-28 13:57:09','2019-10-28 15:25:35',184,82),(857,'2014-03-29 05:56:26','2014-03-29 06:55:40',68,60),(858,'2019-08-28 23:45:49','2019-08-28 23:53:19',56,71),(859,'2017-06-20 04:40:48','2017-06-20 06:32:21',382,3),(860,'2014-08-11 04:59:32','2014-08-11 05:08:25',281,63),(861,'2018-07-18 19:57:51','2018-07-18 20:08:32',496,23),(862,'2019-11-16 02:32:46','2019-11-16 03:03:23',422,79),(863,'2014-12-17 04:21:35','2014-12-17 05:51:01',416,72),(864,'2015-03-16 05:05:33','2015-03-16 06:13:34',100,14),(865,'2017-10-27 15:36:22','2017-10-27 16:21:03',286,4),(866,'2020-06-25 03:40:44','2020-06-25 05:12:08',5,24),(867,'2021-03-30 05:12:52','2021-03-30 05:46:50',158,43),(868,'2020-07-20 11:30:49','2020-07-20 12:12:16',340,75),(869,'2022-05-28 09:20:09','2022-05-28 10:05:53',403,80),(870,'2022-03-02 04:07:11','2022-03-02 04:18:08',113,39),(871,'2023-02-09 05:48:10','2023-02-09 05:52:31',196,9),(872,'2014-06-14 00:47:18','2014-06-14 01:13:37',130,1),(873,'2020-03-13 09:07:18','2020-03-13 09:29:52',69,34),(874,'2014-05-20 04:16:07','2014-05-20 05:43:17',77,34),(875,'2015-03-20 05:03:49','2015-03-20 05:35:38',317,24),(876,'2020-01-24 17:06:38','2020-01-24 17:35:48',442,57),(877,'2023-10-29 02:40:11','2023-10-29 04:22:21',311,66),(878,'2018-12-31 02:41:23','2018-12-31 04:08:47',71,7),(879,'2020-08-08 16:55:56','2020-08-08 17:09:59',176,38),(880,'2017-08-30 13:05:47','2017-08-30 13:45:15',273,50),(881,'2016-05-15 23:26:34','2016-05-16 00:58:55',458,16),(882,'2023-11-24 11:10:06','2023-11-24 12:36:58',412,51),(883,'2020-12-30 14:29:13','2020-12-30 14:36:08',41,32),(884,'2015-05-04 17:40:34','2015-05-04 17:41:48',119,56),(885,'2017-02-15 09:15:39','2017-02-15 09:31:14',379,52),(886,'2016-03-03 17:23:03','2016-03-03 19:05:21',485,18),(887,'2023-03-29 16:52:17','2023-03-29 17:10:25',21,43),(888,'2017-11-15 22:19:46','2017-11-15 23:48:21',93,36),(889,'2021-05-22 11:02:27','2021-05-22 11:51:20',393,56),(890,'2018-11-06 18:33:29','2018-11-06 20:30:45',153,4),(891,'2021-09-08 04:00:06','2021-09-08 05:47:46',153,44),(892,'2020-11-25 07:03:57','2020-11-25 08:23:22',273,65),(893,'2014-05-23 18:04:22','2014-05-23 18:33:34',40,13),(894,'2017-12-02 16:56:24','2017-12-02 17:22:51',232,16),(895,'2019-06-01 09:54:24','2019-06-01 09:57:06',41,55),(896,'2023-04-08 20:36:29','2023-04-08 21:27:32',64,5),(897,'2014-10-14 09:11:12','2014-10-14 09:31:40',375,49),(898,'2018-01-26 19:07:48','2018-01-26 21:04:22',207,6),(899,'2023-01-06 10:23:07','2023-01-06 10:37:33',148,11),(900,'2022-05-08 00:33:53','2022-05-08 00:39:36',362,80),(901,'2018-07-20 00:43:48','2018-07-20 02:07:08',341,67),(902,'2015-01-19 23:01:58','2015-01-20 00:15:41',329,51),(903,'2014-06-12 12:29:40','2014-06-12 14:28:12',2,53),(904,'2016-05-13 13:30:24','2016-05-13 14:47:25',404,15),(905,'2016-03-13 10:04:48','2016-03-13 10:44:32',402,52),(906,'2021-12-09 09:17:28','2021-12-09 10:11:07',241,3),(907,'2016-02-18 02:29:02','2016-02-18 02:43:14',68,38),(908,'2022-10-31 23:26:07','2022-10-31 23:59:53',202,51),(909,'2021-08-29 12:52:17','2021-08-29 13:43:08',449,69),(910,'2018-07-24 19:43:11','2018-07-24 20:59:15',436,59),(911,'2018-02-09 07:52:52','2018-02-09 08:16:13',460,34),(912,'2015-12-23 04:49:05','2015-12-23 06:04:33',438,11),(913,'2014-07-01 01:37:03','2014-07-01 02:05:15',446,33),(914,'2021-06-23 22:28:56','2021-06-23 22:41:22',192,22),(915,'2016-08-14 22:01:46','2016-08-14 22:53:39',371,67),(916,'2014-05-18 04:22:56','2014-05-18 06:15:35',300,62),(917,'2017-03-02 21:15:04','2017-03-02 21:35:45',109,85),(918,'2019-02-20 16:08:02','2019-02-20 17:15:25',427,6),(919,'2014-07-22 21:56:19','2014-07-22 23:10:19',289,58),(920,'2016-04-19 10:54:24','2016-04-19 11:58:56',438,10),(921,'2020-06-27 20:33:22','2020-06-27 21:49:53',351,42),(922,'2017-07-20 07:44:02','2017-07-20 07:59:47',277,72),(923,'2019-04-02 23:15:47','2019-04-02 23:22:15',141,74),(924,'2016-01-30 17:47:10','2016-01-30 18:47:45',486,21),(925,'2020-03-12 05:09:38','2020-03-12 06:27:20',283,59),(926,'2016-05-24 10:41:41','2016-05-24 11:01:32',431,69),(927,'2014-01-21 13:31:09','2014-01-21 15:12:58',401,36),(928,'2017-02-07 11:44:12','2017-02-07 12:59:13',165,13),(929,'2019-11-05 11:43:42','2019-11-05 13:00:28',5,83),(930,'2017-05-19 18:01:14','2017-05-19 18:17:17',46,65),(931,'2022-07-02 06:23:11','2022-07-02 07:05:36',265,50),(932,'2023-09-29 12:59:53','2023-09-29 14:04:23',273,45),(933,'2023-09-07 10:10:30','2023-09-07 11:14:00',207,6),(934,'2021-03-29 16:52:23','2021-03-29 18:30:58',327,74),(935,'2019-05-01 18:47:21','2019-05-01 18:55:12',345,64),(936,'2019-11-03 18:55:13','2019-11-03 20:11:53',298,65),(937,'2020-12-27 04:46:14','2020-12-27 05:41:20',424,42),(938,'2016-01-03 06:14:39','2016-01-03 07:11:11',430,80),(939,'2023-06-07 01:13:12','2023-06-07 03:04:13',107,20),(940,'2017-07-17 13:59:56','2017-07-17 15:05:37',271,33),(941,'2014-01-14 08:08:34','2014-01-14 08:28:24',337,61),(942,'2023-06-14 15:22:27','2023-06-14 16:37:08',328,35),(943,'2023-08-16 09:38:55','2023-08-16 11:24:48',167,31),(944,'2022-08-20 03:57:52','2022-08-20 04:33:03',487,42),(945,'2024-01-12 20:10:30','2024-01-12 21:14:36',434,25),(946,'2022-01-06 09:20:08','2022-01-06 09:31:12',348,9),(947,'2017-02-01 07:10:52','2017-02-01 08:02:17',151,47),(948,'2020-09-25 14:33:28','2020-09-25 15:49:55',258,32),(949,'2021-07-07 03:57:01','2021-07-07 05:18:08',204,47),(950,'2014-10-01 05:35:25','2014-10-01 06:35:14',391,84),(951,'2019-09-08 04:27:22','2019-09-08 05:35:52',48,60),(952,'2022-08-25 14:51:16','2022-08-25 16:38:16',362,12),(953,'2017-07-22 19:42:31','2017-07-22 19:56:40',315,31),(954,'2014-12-27 03:10:32','2014-12-27 05:01:17',346,9),(955,'2019-05-14 11:58:50','2019-05-14 13:52:35',485,63),(956,'2022-08-23 03:08:09','2022-08-23 04:54:36',289,79),(957,'2021-12-07 04:54:42','2021-12-07 06:09:29',339,40),(958,'2022-01-31 07:15:17','2022-01-31 08:16:59',179,11),(959,'2022-02-20 06:23:02','2022-02-20 06:51:05',491,39),(960,'2016-04-24 02:35:05','2016-04-24 04:08:49',398,53),(961,'2016-12-30 09:39:38','2016-12-30 10:47:08',456,45),(962,'2017-03-24 14:40:29','2017-03-24 15:52:38',259,67),(963,'2014-05-04 04:13:19','2014-05-04 04:26:27',348,51),(964,'2017-03-05 15:16:54','2017-03-05 16:02:03',443,75),(965,'2017-05-27 20:21:47','2017-05-27 20:28:41',71,77),(966,'2018-05-01 22:33:30','2018-05-01 23:50:43',477,78),(967,'2020-05-11 21:32:06','2020-05-11 21:53:34',293,35),(968,'2023-12-05 01:51:22','2023-12-05 02:21:13',419,81),(969,'2021-06-05 06:56:10','2021-06-05 07:00:38',486,78),(970,'2023-09-15 13:34:33','2023-09-15 15:11:40',448,57),(971,'2020-11-19 01:45:15','2020-11-19 03:13:11',402,24),(972,'2019-05-14 19:12:17','2019-05-14 19:40:33',232,20),(973,'2022-03-12 18:24:58','2022-03-12 20:03:02',344,20),(974,'2014-02-09 16:31:42','2014-02-09 16:43:50',115,23),(975,'2015-01-19 12:31:28','2015-01-19 13:22:38',22,23),(976,'2015-07-24 08:42:05','2015-07-24 08:49:20',457,55),(977,'2023-05-18 19:53:09','2023-05-18 21:14:39',121,51),(978,'2021-10-20 11:08:18','2021-10-20 12:58:41',49,14),(979,'2021-03-01 03:32:18','2021-03-01 04:43:11',180,28),(980,'2019-11-19 06:59:20','2019-11-19 07:57:34',24,65),(981,'2019-12-06 01:13:08','2019-12-06 02:33:07',421,19),(982,'2020-04-27 16:14:44','2020-04-27 17:13:06',51,13),(983,'2022-05-01 20:09:42','2022-05-01 20:32:54',394,3),(984,'2015-01-18 13:32:19','2015-01-18 14:00:38',86,35),(985,'2021-10-07 23:04:00','2021-10-07 23:25:53',462,74),(986,'2021-02-10 10:48:45','2021-02-10 12:35:02',484,59),(987,'2022-07-14 18:54:39','2022-07-14 19:05:16',239,11),(988,'2018-10-14 09:02:25','2018-10-14 10:55:03',332,77),(989,'2015-12-31 23:13:53','2015-12-31 23:46:34',453,41),(990,'2023-05-21 15:38:47','2023-05-21 17:00:23',173,12),(991,'2020-01-17 18:20:08','2020-01-17 19:57:42',165,18),(992,'2016-12-16 02:42:48','2016-12-16 04:11:51',230,2),(993,'2018-08-01 22:18:53','2018-08-01 22:27:29',402,19),(994,'2018-03-04 08:25:07','2018-03-04 09:19:12',284,69),(995,'2019-05-25 12:11:32','2019-05-25 13:55:42',6,21),(996,'2018-04-15 13:08:51','2018-04-15 14:56:32',446,78),(997,'2019-12-14 21:31:02','2019-12-14 22:48:26',141,31),(998,'2018-11-29 20:27:23','2018-11-29 21:21:32',363,46),(999,'2020-10-17 09:43:39','2020-10-17 10:45:34',439,51),(1000,'2023-07-08 22:55:41','2023-07-08 23:38:06',129,59);
/*!40000 ALTER TABLE `call` ENABLE KEYS */;
UNLOCK TABLES;

--
-- Table structure for table `call_issue`
--

DROP TABLE IF EXISTS `call_issue`;
/*!40101 SET @saved_cs_client     = @@character_set_client */;
/*!50503 SET character_set_client = utf8mb4 */;
CREATE TABLE `call_issue` (
  `call_id` int NOT NULL,
  `issue_id` int NOT NULL,
  PRIMARY KEY (`call_id`,`issue_id`),
  KEY `issue_id` (`issue_id`),
  CONSTRAINT `call_issue_ibfk_1` FOREIGN KEY (`call_id`) REFERENCES `call` (`id`),
  CONSTRAINT `call_issue_ibfk_2` FOREIGN KEY (`issue_id`) REFERENCES `issue` (`id`)
) ENGINE=InnoDB DEFAULT CHARSET=utf8mb4 COLLATE=utf8mb4_0900_ai_ci;
/*!40101 SET character_set_client = @saved_cs_client */;

--
-- Dumping data for table `call_issue`
--

LOCK TABLES `call_issue` WRITE;
/*!40000 ALTER TABLE `call_issue` DISABLE KEYS */;
INSERT INTO `call_issue` VALUES (5,1),(24,1),(37,1),(82,1),(83,1),(118,1),(221,1),(228,1),(233,1),(260,1),(264,1),(274,1),(287,1),(304,1),(345,1),(365,1),(366,1),(378,1),(381,1),(440,1),(466,1),(486,1),(517,1),(528,1),(581,1),(624,1),(640,1),(647,1),(648,1),(660,1),(661,1),(690,1),(771,1),(775,1),(797,1),(825,1),(837,1),(865,1),(879,1),(908,1),(915,1),(930,1),(937,1),(939,1),(943,1),(957,1),(967,1),(968,1),(977,1),(990,1),(997,1),(115,2),(140,2),(149,2),(199,2),(200,2),(208,2),(222,2),(232,2),(255,2),(267,2),(278,2),(339,2),(341,2),(389,2),(404,2),(456,2),(502,2),(504,2),(509,2),(510,2),(606,2),(640,2),(649,2),(665,2),(684,2),(702,2),(707,2),(717,2),(739,2),(754,2),(763,2),(774,2),(777,2),(809,2),(835,2),(841,2),(842,2),(845,2),(893,2),(911,2),(960,2),(993,2),(998,2),(16,3),(34,3),(43,3),(47,3),(91,3),(99,3),(107,3),(112,3),(120,3),(149,3),(150,3),(156,3),(172,3),(187,3),(238,3),(249,3),(254,3),(258,3),(276,3),(301,3),(304,3),(342,3),(404,3),(471,3),(476,3),(517,3),(531,3),(543,3),(552,3),(585,3),(617,3),(618,3),(632,3),(639,3),(642,3),(653,3),(658,3),(673,3),(680,3),(720,3),(736,3),(760,3),(763,3),(768,3),(781,3),(784,3),(790,3),(803,3),(857,3),(877,3),(888,3),(892,3),(908,3),(934,3),(948,3),(984,3),(993,3),(27,4),(31,4),(56,4),(88,4),(104,4),(122,4),(130,4),(170,4),(182,4),(199,4),(226,4),(230,4),(241,4),(251,4),(253,4),(278,4),(284,4),(293,4),(329,4),(365,4),(368,4),(373,4),(383,4),(397,4),(403,4),(432,4),(433,4),(444,4),(467,4),(470,4),(491,4),(502,4),(529,4),(534,4),(557,4),(587,4),(627,4),(644,4),(648,4),(656,4),(671,4),(751,4),(752,4),(760,4),(763,4),(784,4),(804,4),(812,4),(831,4),(835,4),(869,4),(880,4),(889,4),(905,4),(915,4),(917,4),(941,4),(942,4),(957,4),(960,4),(977,4),(995,4),(999,4),(18,5),(29,5),(107,5),(150,5),(157,5),(213,5),(223,5),(295,5),(299,5),(314,5),(335,5),(337,5),(396,5),(423,5),(488,5),(522,5),(542,5),(561,5),(570,5),(578,5),(590,5),(654,5),(665,5),(701,5),(702,5),(704,5),(722,5),(737,5),(788,5),(816,5),(825,5),(833,5),(834,5),(838,5),(845,5),(865,5),(876,5),(894,5),(940,5),(953,5),(970,5),(981,5),(995,5),(29,6),(47,6),(88,6),(91,6),(100,6),(111,6),(146,6),(162,6),(200,6),(213,6),(218,6),(237,6),(255,6),(305,6),(332,6),(373,6),(376,6),(427,6),(447,6),(448,6),(479,6),(492,6),(495,6),(497,6),(509,6),(513,6),(526,6),(546,6),(554,6),(568,6),(586,6),(615,6),(639,6),(646,6),(652,6),(694,6),(740,6),(742,6),(746,6),(750,6),(782,6),(798,6),(802,6),(839,6),(850,6),(874,6),(890,6),(895,6),(918,6),(933,6),(991,6),(16,7),(24,7),(34,7),(62,7),(79,7),(97,7),(152,7),(161,7),(210,7),(238,7),(255,7),(282,7),(319,7),(328,7),(329,7),(330,7),(338,7),(343,7),(354,7),(394,7),(433,7),(469,7),(470,7),(472,7),(473,7),(488,7),(500,7),(504,7),(517,7),(529,7),(575,7),(592,7),(593,7),(610,7),(644,7),(652,7),(686,7),(729,7),(749,7),(777,7),(809,7),(828,7),(871,7),(892,7),(908,7),(928,7),(979,7),(987,7),(991,7),(29,8),(33,8),(50,8),(62,8),(101,8),(154,8),(206,8),(207,8),(215,8),(277,8),(288,8),(307,8),(309,8),(315,8),(326,8),(334,8),(387,8),(389,8),(395,8),(399,8),(447,8),(456,8),(490,8),(520,8),(546,8),(555,8),(580,8),(589,8),(593,8),(618,8),(671,8),(691,8),(692,8),(737,8),(779,8),(782,8),(787,8),(788,8),(807,8),(831,8),(880,8),(900,8),(914,8),(944,8),(40,9),(41,9),(44,9),(118,9),(137,9),(138,9),(175,9),(188,9),(214,9),(243,9),(248,9),(251,9),(254,9),(265,9),(282,9),(291,9),(306,9),(331,9),(339,9),(340,9),(380,9),(391,9),(451,9),(457,9),(479,9),(515,9),(519,9),(537,9),(544,9),(559,9),(564,9),(570,9),(584,9),(594,9),(609,9),(632,9),(650,9),(690,9),(733,9),(748,9),(760,9),(778,9),(817,9),(831,9),(858,9),(877,9),(903,9),(904,9),(906,9),(911,9),(934,9),(938,9),(953,9),(17,10),(33,10),(81,10),(87,10),(89,10),(104,10),(196,10),(203,10),(220,10),(225,10),(233,10),(244,10),(246,10),(253,10),(294,10),(301,10),(310,10),(338,10),(352,10),(362,10),(363,10),(407,10),(414,10),(430,10),(455,10),(487,10),(490,10),(499,10),(506,10),(523,10),(591,10),(606,10),(613,10),(664,10),(682,10),(716,10),(740,10),(775,10),(781,10),(794,10),(810,10),(815,10),(817,10),(828,10),(837,10),(843,10),(868,10),(882,10),(900,10),(902,10),(916,10),(968,10),(8,11),(112,11),(147,11),(177,11),(180,11),(202,11),(215,11),(216,11),(319,11),(354,11),(391,11),(393,11),(395,11),(400,11),(413,11),(426,11),(436,11),(446,11),(454,11),(470,11),(473,11),(501,11),(533,11),(536,11),(555,11),(562,11),(572,11),(615,11),(653,11),(673,11),(698,11),(708,11),(709,11),(725,11),(732,11),(745,11),(754,11),(810,11),(885,11),(918,11),(921,11),(928,11),(932,11),(51,12),(62,12),(71,12),(89,12),(107,12),(120,12),(121,12),(126,12),(150,12),(167,12),(176,12),(178,12),(179,12),(203,12),(216,12),(217,12),(218,12),(223,12),(237,12),(252,12),(254,12),(301,12),(306,12),(350,12),(371,12),(377,12),(391,12),(405,12),(430,12),(468,12),(476,12),(532,12),(537,12),(604,12),(621,12),(642,12),(671,12),(703,12),(722,12),(757,12),(760,12),(770,12),(778,12),(780,12),(795,12),(804,12),(816,12),(822,12),(824,12),(827,12),(860,12),(951,12),(952,12),(981,12),(985,12),(32,13),(36,13),(86,13),(92,13),(107,13),(109,13),(114,13),(138,13),(152,13),(159,13),(168,13),(184,13),(192,13),(202,13),(206,13),(242,13),(245,13),(278,13),(301,13),(311,13),(312,13),(334,13),(363,13),(370,13),(404,13),(409,13),(462,13),(471,13),(478,13),(507,13),(535,13),(539,13),(564,13),(612,13),(617,13),(634,13),(672,13),(684,13),(688,13),(696,13),(706,13),(708,13),(711,13),(753,13),(764,13),(780,13),(782,13),(839,13),(857,13),(867,13),(873,13),(891,13),(902,13),(910,13),(918,13),(921,13),(938,13),(950,13),(954,13),(960,13),(993,13),(997,13),(9,14),(20,14),(39,14),(87,14),(128,14),(204,14),(205,14),(213,14),(219,14),(230,14),(236,14),(251,14),(254,14),(268,14),(271,14),(275,14),(292,14),(298,14),(304,14),(310,14),(322,14),(335,14),(347,14),(348,14),(366,14),(379,14),(383,14),(386,14),(396,14),(516,14),(519,14),(522,14),(528,14),(656,14),(657,14),(667,14),(687,14),(716,14),(723,14),(725,14),(756,14),(810,14),(819,14),(843,14),(847,14),(849,14),(918,14),(959,14),(977,14),(12,15),(24,15),(37,15),(46,15),(77,15),(97,15),(98,15),(115,15),(168,15),(191,15),(197,15),(218,15),(223,15),(278,15),(307,15),(328,15),(347,15),(359,15),(453,15),(459,15),(493,15),(553,15),(587,15),(603,15),(622,15),(668,15),(688,15),(694,15),(709,15),(720,15),(734,15),(738,15),(746,15),(799,15),(814,15),(825,15),(852,15),(857,15),(882,15),(972,15),(10,16),(36,16),(50,16),(60,16),(95,16),(97,16),(106,16),(112,16),(126,16),(162,16),(181,16),(191,16),(195,16),(232,16),(258,16),(263,16),(274,16),(301,16),(339,16),(402,16),(431,16),(443,16),(445,16),(446,16),(507,16),(535,16),(583,16),(592,16),(634,16),(645,16),(705,16),(733,16),(746,16),(764,16),(772,16),(803,16),(823,16),(907,16),(924,16),(945,16),(955,16),(958,16),(10,17),(13,17),(21,17),(25,17),(58,17),(59,17),(95,17),(96,17),(97,17),(101,17),(126,17),(177,17),(181,17),(185,17),(213,17),(220,17),(231,17),(247,17),(307,17),(341,17),(342,17),(355,17),(360,17),(381,17),(394,17),(397,17),(403,17),(411,17),(413,17),(451,17),(466,17),(489,17),(531,17),(561,17),(576,17),(600,17),(603,17),(672,17),(702,17),(707,17),(713,17),(714,17),(808,17),(838,17),(843,17),(850,17),(857,17),(860,17),(889,17),(917,17),(942,17),(952,17),(970,17),(971,17),(979,17),(988,17),(990,17),(996,17),(11,18),(14,18),(46,18),(61,18),(66,18),(71,18),(74,18),(76,18),(97,18),(110,18),(123,18),(138,18),(147,18),(165,18),(179,18),(234,18),(271,18),(298,18),(308,18),(375,18),(377,18),(398,18),(400,18),(404,18),(406,18),(425,18),(473,18),(475,18),(506,18),(520,18),(529,18),(539,18),(557,18),(566,18),(569,18),(570,18),(589,18),(590,18),(598,18),(601,18),(635,18),(659,18),(700,18),(733,18),(766,18),(771,18),(772,18),(812,18),(838,18),(929,18),(944,18),(958,18),(995,18),(998,18),(999,18),(1000,18),(23,19),(24,19),(34,19),(36,19),(39,19),(93,19),(94,19),(151,19),(158,19),(162,19),(167,19),(188,19),(189,19),(213,19),(251,19),(255,19),(266,19),(276,19),(288,19),(290,19),(296,19),(352,19),(372,19),(382,19),(393,19),(419,19),(433,19),(495,19),(534,19),(547,19),(613,19),(625,19),(657,19),(680,19),(695,19),(719,19),(721,19),(750,19),(771,19),(866,19),(871,19),(880,19),(911,19),(923,19),(926,19),(937,19),(939,19),(941,19),(945,19),(953,19),(962,19),(983,19),(994,19),(995,19),(18,20),(21,20),(36,20),(93,20),(126,20),(134,20),(164,20),(185,20),(203,20),(280,20),(293,20),(326,20),(329,20),(504,20),(511,20),(526,20),(541,20),(558,20),(562,20),(591,20),(597,20),(613,20),(615,20),(662,20),(665,20),(685,20),(691,20),(699,20),(734,20),(759,20),(816,20),(832,20),(873,20),(885,20),(887,20),(915,20),(922,20),(929,20),(937,20),(942,20),(948,20),(981,20),(3,21),(66,21),(81,21),(102,21),(104,21),(132,21),(168,21),(173,21),(174,21),(217,21),(226,21),(227,21),(256,21),(272,21),(273,21),(294,21),(305,21),(335,21),(356,21),(422,21),(438,21),(458,21),(472,21),(491,21),(520,21),(538,21),(602,21),(607,21),(618,21),(621,21),(636,21),(693,21),(699,21),(728,21),(747,21),(796,21),(799,21),(801,21),(808,21),(811,21),(813,21),(840,21),(904,21),(905,21),(911,21),(925,21),(936,21),(952,21),(961,21),(970,21),(976,21),(2,22),(36,22),(37,22),(61,22),(77,22),(95,22),(96,22),(97,22),(99,22),(153,22),(196,22),(201,22),(213,22),(220,22),(228,22),(234,22),(284,22),(287,22),(300,22),(353,22),(373,22),(384,22),(386,22),(412,22),(428,22),(450,22),(463,22),(506,22),(513,22),(534,22),(600,22),(605,22),(649,22),(651,22),(677,22),(686,22),(729,22),(791,22),(801,22),(885,22),(937,22),(961,22),(963,22),(984,22),(22,23),(125,23),(136,23),(146,23),(160,23),(186,23),(196,23),(204,23),(237,23),(273,23),(316,23),(344,23),(352,23),(359,23),(366,23),(386,23),(394,23),(440,23),(454,23),(475,23),(515,23),(516,23),(517,23),(520,23),(558,23),(563,23),(566,23),(572,23),(575,23),(610,23),(611,23),(612,23),(657,23),(675,23),(709,23),(715,23),(718,23),(734,23),(770,23),(773,23),(825,23),(835,23),(843,23),(877,23),(886,23),(892,23),(903,23),(904,23),(907,23),(916,23),(959,23),(968,23),(982,23),(999,23),(39,24),(50,24),(61,24),(78,24),(100,24),(114,24),(134,24),(196,24),(210,24),(248,24),(283,24),(312,24),(344,24),(349,24),(359,24),(365,24),(427,24),(437,24),(444,24),(469,24),(491,24),(535,24),(539,24),(544,24),(546,24),(555,24),(568,24),(569,24),(605,24),(606,24),(610,24),(623,24),(625,24),(626,24),(627,24),(668,24),(673,24),(674,24),(686,24),(699,24),(712,24),(740,24),(751,24),(759,24),(762,24),(772,24),(773,24),(799,24),(800,24),(813,24),(834,24),(849,24),(852,24),(864,24),(878,24),(889,24),(900,24),(975,24),(994,24),(19,25),(147,25),(173,25),(180,25),(221,25),(248,25),(255,25),(291,25),(308,25),(342,25),(344,25),(360,25),(367,25),(421,25),(461,25),(546,25),(574,25),(630,25),(670,25),(695,25),(697,25),(726,25),(734,25),(770,25),(811,25),(838,25),(845,25),(873,25),(889,25),(942,25),(943,25),(946,25),(966,25),(5,26),(17,26),(32,26),(47,26),(52,26),(120,26),(123,26),(142,26),(144,26),(151,26),(154,26),(188,26),(204,26),(232,26),(280,26),(337,26),(344,26),(404,26),(416,26),(419,26),(429,26),(430,26),(488,26),(510,26),(532,26),(563,26),(669,26),(695,26),(702,26),(723,26),(744,26),(760,26),(770,26),(805,26),(806,26),(831,26),(849,26),(853,26),(854,26),(886,26),(921,26),(968,26),(990,26),(9,27),(36,27),(54,27),(61,27),(79,27),(85,27),(88,27),(89,27),(99,27),(135,27),(147,27),(160,27),(166,27),(174,27),(200,27),(216,27),(234,27),(240,27),(247,27),(254,27),(263,27),(296,27),(331,27),(351,27),(365,27),(382,27),(385,27),(392,27),(429,27),(436,27),(461,27),(491,27),(507,27),(519,27),(528,27),(529,27),(544,27),(546,27),(563,27),(567,27),(590,27),(591,27),(598,27),(608,27),(613,27),(645,27),(730,27),(737,27),(740,27),(759,27),(781,27),(791,27),(795,27),(803,27),(839,27),(912,27),(976,27),(990,27),(8,28),(13,28),(19,28),(29,28),(30,28),(44,28),(74,28),(104,28),(114,28),(130,28),(145,28),(157,28),(167,28),(215,28),(294,28),(322,28),(327,28),(384,28),(429,28),(452,28),(461,28),(477,28),(481,28),(486,28),(507,28),(519,28),(523,28),(524,28),(533,28),(592,28),(606,28),(612,28),(658,28),(672,28),(717,28),(723,28),(726,28),(743,28),(785,28),(812,28),(836,28),(853,28),(880,28),(883,28),(903,28),(922,28),(19,29),(27,29),(37,29),(42,29),(88,29),(94,29),(102,29),(129,29),(176,29),(210,29),(211,29),(218,29),(273,29),(278,29),(286,29),(288,29),(310,29),(335,29),(452,29),(510,29),(513,29),(537,29),(576,29),(581,29),(589,29),(644,29),(653,29),(656,29),(687,29),(694,29),(695,29),(696,29),(706,29),(722,29),(741,29),(751,29),(780,29),(801,29),(804,29),(811,29),(822,29),(850,29),(853,29),(856,29),(887,29),(926,29),(928,29),(944,29),(970,29),(974,29),(989,29),(9,30),(15,30),(24,30),(36,30),(37,30),(72,30),(104,30),(105,30),(136,30),(138,30),(162,30),(204,30),(217,30),(223,30),(226,30),(236,30),(254,30),(289,30),(295,30),(318,30),(351,30),(353,30),(376,30),(382,30),(396,30),(412,30),(469,30),(474,30),(494,30),(499,30),(512,30),(527,30),(563,30),(566,30),(570,30),(580,30),(594,30),(629,30),(667,30),(675,30),(707,30),(728,30),(754,30),(810,30),(813,30),(852,30),(856,30),(876,30),(895,30),(906,30),(918,30),(931,30),(940,30),(944,30);
/*!40000 ALTER TABLE `call_issue` ENABLE KEYS */;
UNLOCK TABLES;

--
-- Table structure for table `call_service`
--

DROP TABLE IF EXISTS `call_service`;
/*!40101 SET @saved_cs_client     = @@character_set_client */;
/*!50503 SET character_set_client = utf8mb4 */;
CREATE TABLE `call_service` (
  `call_id` int NOT NULL,
  `service_id` int NOT NULL,
  PRIMARY KEY (`call_id`,`service_id`),
  KEY `service_id` (`service_id`),
  CONSTRAINT `call_service_ibfk_1` FOREIGN KEY (`call_id`) REFERENCES `call` (`id`),
  CONSTRAINT `call_service_ibfk_2` FOREIGN KEY (`service_id`) REFERENCES `service` (`id`)
) ENGINE=InnoDB DEFAULT CHARSET=utf8mb4 COLLATE=utf8mb4_0900_ai_ci;
/*!40101 SET character_set_client = @saved_cs_client */;

--
-- Dumping data for table `call_service`
--

LOCK TABLES `call_service` WRITE;
/*!40000 ALTER TABLE `call_service` DISABLE KEYS */;
INSERT INTO `call_service` VALUES (5,1),(24,1),(37,1),(82,1),(83,1),(118,1),(221,1),(228,1),(233,1),(260,1),(264,1),(274,1),(287,1),(304,1),(345,1),(365,1),(366,1),(378,1),(381,1),(440,1),(466,1),(486,1),(517,1),(528,1),(581,1),(624,1),(640,1),(647,1),(648,1),(660,1),(661,1),(690,1),(771,1),(775,1),(797,1),(825,1),(837,1),(865,1),(879,1),(908,1),(915,1),(930,1),(937,1),(939,1),(943,1),(957,1),(967,1),(968,1),(977,1),(990,1),(997,1),(115,2),(140,2),(149,2),(199,2),(200,2),(208,2),(222,2),(232,2),(255,2),(267,2),(278,2),(339,2),(341,2),(389,2),(404,2),(456,2),(502,2),(504,2),(509,2),(510,2),(606,2),(640,2),(649,2),(665,2),(684,2),(702,2),(707,2),(717,2),(739,2),(754,2),(763,2),(774,2),(777,2),(809,2),(835,2),(841,2),(842,2),(845,2),(893,2),(911,2),(960,2),(993,2),(998,2),(16,3),(34,3),(43,3),(47,3),(91,3),(99,3),(107,3),(112,3),(120,3),(149,3),(150,3),(156,3),(172,3),(187,3),(238,3),(249,3),(254,3),(258,3),(276,3),(301,3),(304,3),(342,3),(404,3),(471,3),(476,3),(517,3),(531,3),(543,3),(552,3),(585,3),(617,3),(618,3),(632,3),(639,3),(642,3),(653,3),(658,3),(673,3),(680,3),(720,3),(736,3),(760,3),(763,3),(768,3),(781,3),(784,3),(790,3),(803,3),(857,3),(877,3),(888,3),(892,3),(908,3),(934,3),(948,3),(984,3),(993,3),(27,4),(31,4),(56,4),(88,4),(104,4),(122,4),(130,4),(170,4),(182,4),(199,4),(226,4),(230,4),(241,4),(251,4),(253,4),(278,4),(284,4),(293,4),(329,4),(365,4),(368,4),(373,4),(383,4),(397,4),(403,4),(432,4),(433,4),(444,4),(467,4),(470,4),(491,4),(502,4),(529,4),(534,4),(557,4),(587,4),(627,4),(644,4),(648,4),(656,4),(671,4),(751,4),(752,4),(760,4),(763,4),(784,4),(804,4),(812,4),(831,4),(835,4),(869,4),(880,4),(889,4),(905,4),(915,4),(917,4),(941,4),(942,4),(957,4),(960,4),(977,4),(995,4),(999,4),(18,5),(29,5),(107,5),(150,5),(157,5),(213,5),(223,5),(295,5),(299,5),(314,5),(335,5),(337,5),(396,5),(423,5),(488,5),(522,5),(542,5),(561,5),(570,5),(578,5),(590,5),(654,5),(665,5),(701,5),(702,5),(704,5),(722,5),(737,5),(788,5),(816,5),(825,5),(833,5),(834,5),(838,5),(845,5),(865,5),(876,5),(894,5),(940,5),(953,5),(970,5),(981,5),(995,5),(29,6),(45,6),(47,6),(88,6),(91,6),(100,6),(111,6),(146,6),(162,6),(200,6),(213,6),(218,6),(237,6),(255,6),(305,6),(332,6),(373,6),(376,6),(427,6),(447,6),(448,6),(479,6),(492,6),(497,6),(509,6),(513,6),(526,6),(546,6),(554,6),(568,6),(586,6),(615,6),(639,6),(646,6),(652,6),(694,6),(740,6),(742,6),(746,6),(750,6),(782,6),(798,6),(802,6),(839,6),(850,6),(874,6),(890,6),(895,6),(918,6),(933,6),(991,6),(16,7),(24,7),(34,7),(62,7),(79,7),(97,7),(152,7),(161,7),(210,7),(238,7),(255,7),(282,7),(319,7),(328,7),(329,7),(330,7),(338,7),(343,7),(354,7),(394,7),(433,7),(469,7),(470,7),(472,7),(473,7),(488,7),(500,7),(504,7),(517,7),(529,7),(575,7),(592,7),(593,7),(610,7),(644,7),(652,7),(686,7),(729,7),(749,7),(777,7),(809,7),(828,7),(871,7),(892,7),(908,7),(928,7),(979,7),(987,7),(991,7),(29,8),(33,8),(50,8),(62,8),(101,8),(154,8),(206,8),(207,8),(215,8),(277,8),(288,8),(307,8),(309,8),(315,8),(326,8),(334,8),(387,8),(389,8),(395,8),(399,8),(447,8),(456,8),(490,8),(520,8),(546,8),(555,8),(580,8),(589,8),(593,8),(618,8),(671,8),(691,8),(692,8),(737,8),(779,8),(782,8),(787,8),(788,8),(807,8),(831,8),(880,8),(900,8),(914,8),(944,8),(40,9),(41,9),(44,9),(118,9),(137,9),(138,9),(175,9),(188,9),(214,9),(243,9),(248,9),(251,9),(254,9),(265,9),(282,9),(291,9),(306,9),(331,9),(339,9),(340,9),(380,9),(391,9),(451,9),(457,9),(479,9),(515,9),(519,9),(537,9),(544,9),(559,9),(564,9),(570,9),(584,9),(594,9),(609,9),(632,9),(650,9),(690,9),(733,9),(748,9),(760,9),(778,9),(817,9),(831,9),(858,9),(877,9),(903,9),(904,9),(906,9),(911,9),(934,9),(938,9),(953,9),(17,10),(33,10),(81,10),(87,10),(89,10),(104,10),(196,10),(203,10),(220,10),(225,10),(233,10),(244,10),(246,10),(253,10),(294,10),(301,10),(310,10),(338,10),(352,10),(362,10),(363,10),(407,10),(414,10),(430,10),(455,10),(487,10),(490,10),(499,10),(506,10),(523,10),(591,10),(606,10),(613,10),(664,10),(682,10),(716,10),(740,10),(775,10),(781,10),(794,10),(810,10),(815,10),(817,10),(828,10),(837,10),(843,10),(868,10),(882,10),(900,10),(902,10),(916,10),(968,10),(8,11),(112,11),(147,11),(177,11),(180,11),(202,11),(215,11),(216,11),(319,11),(354,11),(391,11),(393,11),(395,11),(400,11),(413,11),(426,11),(436,11),(446,11),(454,11),(470,11),(473,11),(501,11),(533,11),(536,11),(555,11),(562,11),(572,11),(615,11),(653,11),(673,11),(698,11),(708,11),(709,11),(725,11),(732,11),(745,11),(754,11),(810,11),(885,11),(918,11),(921,11),(928,11),(932,11),(51,12),(62,12),(71,12),(87,12),(89,12),(107,12),(120,12),(121,12),(126,12),(150,12),(167,12),(176,12),(178,12),(179,12),(203,12),(216,12),(217,12),(218,12),(223,12),(237,12),(252,12),(254,12),(301,12),(306,12),(350,12),(371,12),(377,12),(391,12),(405,12),(430,12),(468,12),(476,12),(532,12),(537,12),(604,12),(621,12),(642,12),(671,12),(703,12),(722,12),(757,12),(760,12),(770,12),(778,12),(780,12),(795,12),(804,12),(816,12),(822,12),(824,12),(860,12),(951,12),(952,12),(981,12),(985,12),(32,13),(36,13),(86,13),(92,13),(107,13),(109,13),(114,13),(138,13),(152,13),(159,13),(168,13),(184,13),(192,13),(202,13),(206,13),(242,13),(245,13),(278,13),(301,13),(311,13),(312,13),(334,13),(363,13),(370,13),(404,13),(409,13),(462,13),(471,13),(478,13),(507,13),(535,13),(539,13),(564,13),(612,13),(617,13),(634,13),(672,13),(684,13),(688,13),(696,13),(706,13),(708,13),(711,13),(753,13),(764,13),(780,13),(782,13),(839,13),(857,13),(867,13),(873,13),(891,13),(902,13),(910,13),(918,13),(921,13),(938,13),(950,13),(954,13),(960,13),(993,13),(997,13),(9,14),(20,14),(39,14),(87,14),(128,14),(204,14),(205,14),(213,14),(219,14),(230,14),(236,14),(251,14),(254,14),(268,14),(271,14),(275,14),(292,14),(298,14),(304,14),(310,14),(322,14),(335,14),(347,14),(348,14),(366,14),(379,14),(383,14),(386,14),(396,14),(516,14),(519,14),(522,14),(528,14),(656,14),(657,14),(667,14),(687,14),(716,14),(723,14),(725,14),(756,14),(810,14),(819,14),(843,14),(847,14),(849,14),(918,14),(959,14),(977,14),(12,15),(24,15),(37,15),(46,15),(77,15),(97,15),(98,15),(115,15),(168,15),(191,15),(197,15),(218,15),(223,15),(278,15),(307,15),(328,15),(347,15),(359,15),(453,15),(459,15),(493,15),(553,15),(587,15),(603,15),(622,15),(668,15),(688,15),(694,15),(709,15),(720,15),(734,15),(738,15),(746,15),(799,15),(814,15),(825,15),(852,15),(857,15),(882,15),(972,15),(10,16),(36,16),(50,16),(60,16),(95,16),(97,16),(106,16),(112,16),(126,16),(162,16),(181,16),(191,16),(195,16),(232,16),(258,16),(263,16),(274,16),(301,16),(339,16),(402,16),(431,16),(443,16),(445,16),(446,16),(507,16),(535,16),(583,16),(592,16),(634,16),(645,16),(705,16),(733,16),(746,16),(764,16),(772,16),(803,16),(823,16),(907,16),(924,16),(945,16),(955,16),(958,16),(10,17),(13,17),(21,17),(25,17),(58,17),(59,17),(95,17),(96,17),(97,17),(101,17),(126,17),(177,17),(181,17),(185,17),(213,17),(220,17),(231,17),(247,17),(307,17),(341,17),(342,17),(355,17),(360,17),(381,17),(394,17),(397,17),(403,17),(411,17),(413,17),(451,17),(466,17),(489,17),(531,17),(561,17),(576,17),(600,17),(603,17),(672,17),(702,17),(707,17),(713,17),(714,17),(808,17),(838,17),(843,17),(850,17),(857,17),(860,17),(889,17),(917,17),(942,17),(952,17),(970,17),(971,17),(979,17),(988,17),(990,17),(996,17),(11,18),(14,18),(46,18),(61,18),(66,18),(71,18),(74,18),(76,18),(97,18),(110,18),(123,18),(138,18),(147,18),(165,18),(179,18),(234,18),(271,18),(298,18),(308,18),(375,18),(377,18),(398,18),(400,18),(404,18),(406,18),(425,18),(473,18),(475,18),(506,18),(520,18),(529,18),(539,18),(557,18),(566,18),(569,18),(570,18),(589,18),(590,18),(598,18),(601,18),(635,18),(659,18),(700,18),(733,18),(766,18),(771,18),(772,18),(812,18),(838,18),(929,18),(944,18),(958,18),(995,18),(998,18),(999,18),(1000,18),(23,19),(24,19),(34,19),(36,19),(39,19),(93,19),(94,19),(151,19),(158,19),(162,19),(167,19),(188,19),(189,19),(213,19),(251,19),(255,19),(266,19),(276,19),(288,19),(290,19),(296,19),(352,19),(372,19),(382,19),(393,19),(419,19),(433,19),(495,19),(534,19),(547,19),(613,19),(625,19),(657,19),(680,19),(695,19),(719,19),(721,19),(750,19),(771,19),(866,19),(871,19),(880,19),(911,19),(923,19),(926,19),(937,19),(939,19),(941,19),(945,19),(953,19),(962,19),(983,19),(994,19),(995,19),(1,20),(21,20),(36,20),(93,20),(126,20),(134,20),(164,20),(185,20),(203,20),(280,20),(293,20),(326,20),(329,20),(504,20),(511,20),(526,20),(541,20),(558,20),(562,20),(591,20),(597,20),(613,20),(615,20),(662,20),(665,20),(685,20),(691,20),(699,20),(734,20),(759,20),(816,20),(832,20),(873,20),(885,20),(887,20),(915,20),(922,20),(929,20),(937,20),(942,20),(948,20),(981,20),(3,21),(66,21),(81,21),(102,21),(104,21),(132,21),(168,21),(173,21),(174,21),(217,21),(226,21),(227,21),(256,21),(272,21),(273,21),(294,21),(305,21),(335,21),(356,21),(422,21),(438,21),(458,21),(472,21),(491,21),(520,21),(538,21),(602,21),(607,21),(618,21),(621,21),(636,21),(693,21),(699,21),(728,21),(747,21),(796,21),(799,21),(801,21),(808,21),(811,21),(813,21),(840,21),(904,21),(905,21),(911,21),(925,21),(936,21),(952,21),(961,21),(970,21),(976,21),(2,22),(36,22),(37,22),(61,22),(77,22),(95,22),(96,22),(97,22),(99,22),(153,22),(196,22),(201,22),(213,22),(220,22),(228,22),(234,22),(284,22),(287,22),(300,22),(353,22),(373,22),(384,22),(386,22),(412,22),(428,22),(450,22),(463,22),(506,22),(513,22),(534,22),(600,22),(605,22),(649,22),(651,22),(677,22),(686,22),(729,22),(791,22),(801,22),(885,22),(937,22),(961,22),(963,22),(984,22),(22,23),(125,23),(136,23),(146,23),(160,23),(186,23),(196,23),(204,23),(237,23),(273,23),(316,23),(344,23),(352,23),(359,23),(366,23),(386,23),(394,23),(440,23),(454,23),(475,23),(515,23),(516,23),(517,23),(520,23),(558,23),(563,23),(566,23),(572,23),(575,23),(610,23),(611,23),(612,23),(657,23),(675,23),(709,23),(715,23),(718,23),(734,23),(770,23),(773,23),(825,23),(835,23),(843,23),(877,23),(886,23),(892,23),(903,23),(904,23),(907,23),(916,23),(959,23),(968,23),(982,23),(999,23),(39,24),(50,24),(61,24),(78,24),(100,24),(114,24),(134,24),(196,24),(210,24),(248,24),(283,24),(312,24),(344,24),(349,24),(359,24),(365,24),(427,24),(437,24),(444,24),(469,24),(491,24),(535,24),(539,24),(544,24),(546,24),(555,24),(568,24),(569,24),(605,24),(606,24),(610,24),(623,24),(625,24),(626,24),(627,24),(668,24),(673,24),(674,24),(686,24),(699,24),(712,24),(740,24),(751,24),(759,24),(762,24),(772,24),(773,24),(799,24),(800,24),(813,24),(834,24),(849,24),(852,24),(864,24),(878,24),(889,24),(900,24),(975,24),(994,24),(19,25),(147,25),(173,25),(180,25),(221,25),(248,25),(255,25),(291,25),(308,25),(342,25),(344,25),(360,25),(367,25),(421,25),(461,25),(546,25),(574,25),(630,25),(670,25),(695,25),(697,25),(726,25),(734,25),(770,25),(811,25),(838,25),(845,25),(873,25),(889,25),(942,25),(943,25),(946,25),(966,25),(5,26),(17,26),(32,26),(47,26),(52,26),(120,26),(123,26),(142,26),(144,26),(151,26),(154,26),(188,26),(204,26),(232,26),(280,26),(337,26),(344,26),(404,26),(416,26),(419,26),(429,26),(430,26),(488,26),(510,26),(532,26),(563,26),(669,26),(695,26),(702,26),(723,26),(744,26),(760,26),(770,26),(805,26),(806,26),(831,26),(849,26),(853,26),(854,26),(886,26),(921,26),(968,26),(990,26),(9,27),(36,27),(54,27),(61,27),(79,27),(85,27),(88,27),(89,27),(99,27),(135,27),(147,27),(160,27),(166,27),(174,27),(200,27),(216,27),(234,27),(240,27),(247,27),(254,27),(263,27),(296,27),(331,27),(351,27),(365,27),(382,27),(385,27),(392,27),(429,27),(436,27),(461,27),(491,27),(507,27),(519,27),(528,27),(529,27),(544,27),(546,27),(563,27),(567,27),(590,27),(591,27),(598,27),(608,27),(613,27),(645,27),(730,27),(737,27),(740,27),(759,27),(781,27),(791,27),(795,27),(803,27),(839,27),(912,27),(976,27),(990,27),(8,28),(13,28),(19,28),(30,28),(44,28),(74,28),(104,28),(114,28),(130,28),(145,28),(157,28),(167,28),(215,28),(290,28),(294,28),(322,28),(327,28),(384,28),(429,28),(452,28),(461,28),(477,28),(481,28),(486,28),(507,28),(519,28),(523,28),(524,28),(533,28),(592,28),(606,28),(612,28),(658,28),(672,28),(717,28),(723,28),(726,28),(743,28),(785,28),(812,28),(836,28),(853,28),(880,28),(883,28),(903,28),(922,28),(19,29),(27,29),(37,29),(42,29),(88,29),(94,29),(102,29),(129,29),(176,29),(210,29),(211,29),(218,29),(273,29),(278,29),(286,29),(288,29),(310,29),(335,29),(452,29),(510,29),(513,29),(537,29),(576,29),(581,29),(589,29),(644,29),(653,29),(656,29),(687,29),(694,29),(695,29),(696,29),(706,29),(722,29),(741,29),(751,29),(780,29),(801,29),(804,29),(811,29),(822,29),(850,29),(853,29),(856,29),(887,29),(926,29),(928,29),(944,29),(970,29),(974,29),(989,29),(9,30),(15,30),(24,30),(36,30),(37,30),(72,30),(104,30),(105,30),(136,30),(138,30),(162,30),(204,30),(217,30),(223,30),(226,30),(236,30),(254,30),(289,30),(295,30),(318,30),(351,30),(353,30),(376,30),(382,30),(396,30),(412,30),(469,30),(474,30),(494,30),(499,30),(512,30),(527,30),(563,30),(566,30),(570,30),(580,30),(594,30),(629,30),(667,30),(675,30),(707,30),(728,30),(754,30),(810,30),(813,30),(852,30),(856,30),(876,30),(895,30),(906,30),(918,30),(931,30),(940,30),(944,30);
/*!40000 ALTER TABLE `call_service` ENABLE KEYS */;
UNLOCK TABLES;

--
-- Table structure for table `contact_info`
--

DROP TABLE IF EXISTS `contact_info`;
/*!40101 SET @saved_cs_client     = @@character_set_client */;
/*!50503 SET character_set_client = utf8mb4 */;
CREATE TABLE `contact_info` (
  `id` int NOT NULL AUTO_INCREMENT,
  `name` varchar(100) NOT NULL,
  `number` varchar(15) NOT NULL,
  `email` varchar(100) DEFAULT NULL,
  PRIMARY KEY (`id`),
  UNIQUE KEY `number` (`number`),
  UNIQUE KEY `email` (`email`)
) ENGINE=InnoDB AUTO_INCREMENT=1001 DEFAULT CHARSET=utf8mb4 COLLATE=utf8mb4_0900_ai_ci;
/*!40101 SET character_set_client = @saved_cs_client */;

--
-- Dumping data for table `contact_info`
--

LOCK TABLES `contact_info` WRITE;
/*!40000 ALTER TABLE `contact_info` DISABLE KEYS */;
INSERT INTO `contact_info` VALUES (1,'Mr. Stuart Schmitt IV','728.098.1496','o\'keefe.oral@example.com'),(2,'Bret Boyer','(219)273-5928x3','kerluke.nannie@example.org'),(3,'Yvette Reilly','820-086-7368x65','gerlach.madalyn@example.com'),(4,'Zula Hansen Sr.','1-121-537-1263x','gerard.considine@example.org'),(5,'Chad Friesen','171.987.6840','maggio.lois@example.org'),(6,'Ms. Rubie Crona','(527)647-5401x8','jlowe@example.org'),(7,'Mr. Makenna Metz','(290)609-1012x9','kgoldner@example.org'),(8,'Aliza Nader','1-865-137-7428','alowe@example.net'),(9,'Ariane Price','030-310-0873','turner30@example.org'),(10,'Brendon Ledner','656-938-6549','enid.hoppe@example.net'),(11,'Nakia Predovic','(163)937-8029x9','judge.quigley@example.com'),(12,'Miss Kari Runte DDS','(252)708-1204','cierra32@example.net'),(13,'Dr. Ova Gleason MD','1-857-000-1368x','lennie48@example.net'),(14,'Bryon McCullough III','465.817.3524','julian64@example.net'),(15,'Dane Koelpin','+94(4)645640173','creinger@example.com'),(16,'Miss Dariana D\'Amore','+97(6)037132547','rosemarie.conroy@example.net'),(17,'Gregg Bergnaum','05199169690','lindgren.shayne@example.com'),(18,'Eduardo Gusikowski','204-023-4903x39','lexi12@example.net'),(19,'Garnett Schowalter','(806)769-6214','tsauer@example.org'),(20,'Jamir Kihn','710-747-3289x31','katherine35@example.org'),(21,'Katarina Zieme','(120)576-0494','dicki.liza@example.com'),(22,'Abigayle Kuphal','211.262.1060x14','jgulgowski@example.com'),(23,'Elda Hoeger','630.878.4848x85','price.madisyn@example.org'),(24,'Miss Zaria Abbott Sr.','875-502-9010x08','jena.konopelski@example.net'),(25,'Malvina Walsh Sr.','1-386-287-9826','giovanny.casper@example.net'),(26,'Prof. Reed Casper DDS','(799)224-0685','naomie98@example.net'),(27,'Daren Mayert','1-395-819-7970','cfisher@example.org'),(28,'Shemar Dibbert','+11(4)993914912','ewald.rice@example.com'),(29,'Mr. Horace Funk DVM','(687)895-6542','fschaefer@example.com'),(30,'Tierra Powlowski','1-991-204-3484x','dziemann@example.com'),(31,'Betsy Thompson','509-306-7401','khirthe@example.org'),(32,'Gregorio Gulgowski','+63(4)077514416','mjakubowski@example.net'),(33,'Johnnie Stiedemann','(257)488-9992','zmarks@example.org'),(34,'Benedict Gaylord','358.405.7655x79','blake.haley@example.com'),(35,'Myrtle Hermann','314.345.8330x46','jakubowski.alexandrine@example.org'),(36,'Lorna Olson','(341)001-2733x1','tmurazik@example.net'),(37,'Jazlyn Becker','1-341-383-5920','kohler.janis@example.com'),(38,'Sidney Jacobi','09458927370','schimmel.bettie@example.net'),(39,'Abbey Johnston','666-958-8526x35','runolfsdottir.mazie@example.org'),(40,'Mrs. Autumn Weissnat','+64(9)862916821','dante.dicki@example.net'),(41,'Austen Fahey','+09(7)724740888','kamron.jerde@example.org'),(42,'Guy Hessel','(433)345-3258x9','moises25@example.org'),(43,'Prof. Joel Weissnat V','261.956.5295x21','armando79@example.com'),(44,'Brandy Howe','351.685.5798','harvey25@example.org'),(45,'Miss Giovanna Kessler','556.735.0855','jodie53@example.org'),(46,'Anais Goyette','139.988.1043','coby.moen@example.com'),(47,'Norval Barton','(309)160-5501x8','clockman@example.org'),(48,'Mohammad Grant','(395)659-5299x2','alexie.volkman@example.com'),(49,'Matilde Walter','654.747.5352','sauer.miles@example.com'),(50,'Mr. William Sawayn V','(162)767-0644x7','mikayla.witting@example.net'),(51,'Elna Bradtke','05047512371','ned15@example.org'),(52,'Arturo Mayert','(038)017-7647','ecasper@example.com'),(53,'Kevin Ledner','06264110852','braulio.stroman@example.org'),(54,'Brando Kohler MD','(835)217-6531','felicita.franecki@example.com'),(55,'Shaylee Bergnaum IV','+21(6)387360563','esenger@example.org'),(56,'Dr. Dell Runolfsdottir III','691.483.3443','myrtle18@example.net'),(57,'Warren Auer IV','775.656.0988','schulist.cecile@example.org'),(58,'Nova Kunze III','1-813-905-6508','jones.kale@example.net'),(59,'Malvina Grant','09278128297','mason45@example.org'),(60,'Gabrielle Parker','06226149285','nweissnat@example.com'),(61,'Celia Hand','181-368-9590x87','rosenbaum.charles@example.net'),(62,'Riley Lubowitz','+02(1)739798956','haley.norene@example.com'),(63,'Ottilie Murphy DDS','587-556-6891x68','alvis20@example.com'),(64,'Astrid Langosh','1-742-285-2202x','franco.pfannerstill@example.net'),(65,'Titus Friesen','642.068.9208','rstark@example.com'),(66,'Kasandra Herman','(459)644-0792','winona.dibbert@example.com'),(67,'Efrain Spinka','(914)361-8509x3','aida.nader@example.com'),(68,'Stephan VonRueden','062-902-5317x39','armand46@example.org'),(69,'Marielle Howell','091-582-5592x09','sean.doyle@example.com'),(70,'Dr. Cleta Aufderhar','(982)188-0119','stokes.angelo@example.com'),(71,'Angelica Jerde','1-816-110-5203','dubuque.marlene@example.com'),(72,'Prof. Stephan Stracke Jr.','(656)071-6336','cschowalter@example.com'),(73,'Mrs. Emmalee Yost IV','1-664-719-3641x','galtenwerth@example.com'),(74,'Maxine Cummings','1-710-367-5788x','fausto.wiegand@example.org'),(75,'Prof. Shanelle Carter II','333-573-1192','krussel@example.com'),(76,'Dr. Nico Powlowski','1-185-840-4194','qwaelchi@example.org'),(77,'Cleve Nienow DDS','(196)972-1015','reynolds.friedrich@example.org'),(78,'Reina Pouros IV','(589)292-1150x2','filomena.mclaughlin@example.com'),(79,'Ms. Ruby Bosco PhD','(676)727-9075x4','zulauf.noel@example.com'),(80,'Mr. Beau Franecki DDS','702.986.6009x23','fweber@example.org'),(81,'Fidel Gislason','03634010486','keeling.dusty@example.net'),(82,'Cullen O\'Reilly','1-327-894-6141','trystan.hartmann@example.com'),(83,'Emilie Hermann','1-010-242-7463','tommie83@example.org'),(84,'Zena Leuschke Sr.','331-430-3948','eulalia.wuckert@example.com'),(85,'Helmer Reichel','851.146.3941x43','vbarton@example.net'),(86,'Dave Jacobs','266-429-4579','gjaskolski@example.org'),(87,'Miss Annetta Goldner II','(516)838-9430','olueilwitz@example.com'),(88,'Rita Nolan','1-169-301-3184x','zula.heidenreich@example.com'),(89,'Finn Prohaska','348.964.9938x91','ryan.neha@example.com'),(90,'Ms. Brianne Smith','+10(9)435859874','hartmann.dewitt@example.net'),(91,'Griffin Kautzer','945.260.7373x20','geovanny01@example.org'),(92,'Mustafa Hirthe','220-270-7839x45','frank65@example.com'),(93,'Prof. Demarco Ebert','231-102-4486x33','monahan.ian@example.com'),(94,'Mr. Ignacio Kris','(919)445-1518','clara33@example.net'),(95,'Johnny Mraz I','499-584-3485','sweber@example.com'),(96,'Wilber Conn','663.758.2836x33','darby36@example.org'),(97,'Gillian Corwin','1-977-965-2139x','glover.marc@example.net'),(98,'Prof. Adonis Torphy I','783.912.9627','bruce.gottlieb@example.org'),(99,'Laverna Heller','614.758.5271','gschmitt@example.com'),(100,'Otto Rowe','(717)310-7122x4','olynch@example.org'),(101,'Dr. Skylar Hilll DVM','1-184-664-0933x','herzog.laurie@example.org'),(102,'Emilie Bayer V','566.257.3603','monique.block@example.net'),(103,'Dr. Sigurd Moen II','735.377.4635x40','kohler.bud@example.com'),(104,'Prof. Jerel Weimann','1-228-429-8792x','rosenbaum.edyth@example.com'),(105,'Mr. Rafael Weimann MD','04114756609','wehner.marcella@example.org'),(106,'Wellington Wolf','585.276.2467','carmella85@example.org'),(107,'Cecilia Gutkowski DDS','953.420.3589','melyssa18@example.net'),(108,'Quinton Ferry','1-194-896-8210','konopelski.kenyon@example.net'),(109,'Evan Borer','(725)706-6102x0','brekke.tania@example.org'),(110,'Stephen Quigley','941-587-9808x11','chasity99@example.net'),(111,'Ena Schiller Jr.','014-370-6880x46','kianna.lebsack@example.net'),(112,'Lenny Bednar','339.995.6945x19','emmy92@example.org'),(113,'Sallie Graham','274-900-9985x21','helene08@example.com'),(114,'Mr. Timmy Gerhold','(897)445-8716','keebler.lexi@example.org'),(115,'Marilyne Hermann','(102)447-4325x4','rwintheiser@example.com'),(116,'Rozella Walsh','(799)525-2488x6','don29@example.com'),(117,'Davin Ankunding Sr.','231-871-1338','feest.franz@example.net'),(118,'Jonathon Champlin','+67(6)975168769','boehm.caitlyn@example.org'),(119,'Bettye Lehner','494.383.4697','lprohaska@example.net'),(120,'Lafayette Collier IV','(489)303-9170x2','michel.smith@example.com'),(121,'Cyril Luettgen','867.366.3684','west.ayla@example.org'),(122,'Prof. Whitney Runte','803-780-5628x50','serenity.balistreri@example.org'),(123,'Mr. Ulices Schaefer','+09(6)541422217','bwalsh@example.com'),(124,'Erick Gottlieb','(004)649-2097','jude.bradtke@example.org'),(125,'Dr. Dina Bashirian PhD','710-080-4331x04','gorczany.chance@example.net'),(126,'Raymundo Hagenes','660-491-6159','guiseppe.lynch@example.com'),(127,'Johnny Dach','267-222-7007x98','dwyman@example.com'),(128,'Lambert Johns','872.764.0108','eulah.emard@example.com'),(129,'Jordane Cormier','+83(2)725795361','ezieme@example.net'),(130,'Maxime Goldner','933.344.6518x59','dagmar80@example.org'),(131,'Mrs. Abigayle Lang','332.534.6031','fatima09@example.net'),(132,'Alivia Sauer','(122)383-3773x8','herzog.alta@example.org'),(133,'Retta Feil','(200)807-8208','aleen43@example.com'),(134,'Dr. Cielo Thiel II','(868)334-2874x4','bnicolas@example.net'),(135,'Electa Keeling','498-269-5709','khalid.rowe@example.com'),(136,'Mrs. Chanel Borer DDS','036-652-1565','jon82@example.com'),(137,'Ressie Fisher','385.571.3497x64','boyer.boris@example.org'),(138,'Kareem Wilkinson','659-591-2494','carole.veum@example.org'),(139,'Magnus Purdy','689.819.4127x75','bradly16@example.org'),(140,'Rolando Leffler II','618-597-3162x90','mittie13@example.net'),(141,'Gracie Balistreri','(664)233-0500x7','emily23@example.com'),(142,'Prof. Godfrey Upton V','607.818.0982x19','torphy.jay@example.com'),(143,'Minerva Huels','1-763-088-7396x','yost.emely@example.org'),(144,'Reuben Stiedemann','694-154-3274x63','jillian80@example.com'),(145,'Dr. Donnie Roob','504.875.9329x33','fern.bernier@example.net'),(146,'Gunnar Kemmer II','890-458-0359x44','kayley.yost@example.org'),(147,'Clotilde Thompson','440-583-2992x87','bradley36@example.net'),(148,'Miss Vicenta McGlynn II','1-904-296-5217x','sauer.vance@example.org'),(149,'Bart Mayert PhD','269-251-2683','zhaag@example.org'),(150,'Marcel Koch','+03(4)633554805','larkin.isabelle@example.com'),(151,'Prof. Bernice Crooks','441.369.4813','alize67@example.com'),(152,'Wilfrid Mayert','(651)628-8158x7','theresa62@example.net'),(153,'Rylan Stroman','461-996-3162x22','schmeler.loy@example.org'),(154,'Brook Dibbert Sr.','+59(7)630111960','vonrueden.julianne@example.org'),(155,'Prof. Don Okuneva DVM','033.968.0265x50','kautzer.waino@example.com'),(156,'Mr. Dominic Kemmer','02430227789','irma.kub@example.com'),(157,'Rylan Hauck MD','1-220-314-1309x','boehm.clark@example.net'),(158,'Jonas McCullough','(189)889-3889x4','lemke.alexandria@example.net'),(159,'Sandy Lebsack I','1-351-985-2015x','aiden.corkery@example.org'),(160,'Mr. Walter Jones','027-921-2338','krutherford@example.net'),(161,'Melody Maggio','1-736-375-1964','runte.moriah@example.net'),(162,'Millie Deckow','(153)924-3672x4','lamar.mcdermott@example.net'),(163,'Scotty Dibbert','08024983414','hryan@example.org'),(164,'Marc Wunsch','1-108-889-6345','parker.hartmann@example.net'),(165,'Samson Nicolas','377.833.3158','natalie.prosacco@example.net'),(166,'Abdul Bogan','1-699-179-5463x','mayert.robbie@example.net'),(167,'Emilie Koch Sr.','217-401-7123x36','annabelle17@example.org'),(168,'Jermey Beer','770-436-2585','will.nathanial@example.com'),(169,'Kobe Bogisich','1-419-112-9462','ghills@example.com'),(170,'Vada Monahan','286-269-6359','kolby86@example.org'),(171,'Macy Hudson II','075-448-0412','justine91@example.net'),(172,'Dr. Alessandro Strosin','(494)145-2108x5','sanford.malvina@example.com'),(173,'Hattie Yost','463.676.5714x13','runolfsson.elinor@example.com'),(174,'Prof. Julius Langosh','332-161-3478','paula.gutkowski@example.com'),(175,'Eulalia Konopelski','(279)975-4838x3','tanderson@example.org'),(176,'Dimitri Bernier IV','287.825.2823x13','quitzon.ivory@example.org'),(177,'Bobby Torp II','(025)180-2683x5','ogoyette@example.org'),(178,'Jana Lubowitz MD','370-847-6723x35','wilkinson.otto@example.org'),(179,'Dora Raynor','066.454.0189x11','qkohler@example.net'),(180,'Brayan Altenwerth','064-883-0830x78','hazle.schumm@example.net'),(181,'Orie Klocko','881.816.1674','juwan.stehr@example.com'),(182,'Ms. Jermaine Ryan IV','245-061-1763x32','xjacobson@example.net'),(183,'Lorine Parker','1-705-158-6643x','rleffler@example.net'),(184,'Leola Klocko','772-882-6293x13','allison73@example.org'),(185,'Coy Schumm','445-865-0457','wilkinson.gunner@example.net'),(186,'Petra Kuvalis V','+32(3)670098188','geraldine.kshlerin@example.com'),(187,'Sabrina Wehner','249-808-0849x66','abigail.bauch@example.com'),(188,'Dr. Consuelo Davis V','791.664.2252x97','uspencer@example.com'),(189,'Lea Thiel','140-127-0755x33','burley20@example.net'),(190,'Amelie Kling','123.172.5685','zcremin@example.net'),(191,'Prof. Jovany Torp MD','(829)460-2490x2','josianne.watsica@example.com'),(192,'Ulices Gusikowski','+17(5)432146260','umcglynn@example.com'),(193,'Marty Cummings','493.292.8128x08','dzieme@example.net'),(194,'Miss Stacey Hackett','390-382-6263x02','beer.thora@example.com'),(195,'Vance O\'Hara','(878)378-8139','wolff.yasmeen@example.com'),(196,'Mrs. Alysson Kassulke','911-339-8966','amalia78@example.org'),(197,'Ms. Annalise Kiehn II','03658209430','geoffrey45@example.org'),(198,'Margaret Hartmann V','03040919474','kian.corkery@example.net'),(199,'Prof. Sydnee Waters V','06879073860','goldner.eddie@example.net'),(200,'Adolf Parisian IV','+63(1)024640871','gleichner.linda@example.net'),(201,'Curtis Schultz','(812)039-2233x8','duane57@example.com'),(202,'Allan Bruen','293.071.8326','zblanda@example.net'),(203,'Priscilla Mosciski','1-475-554-0829','morar.axel@example.com'),(204,'Carissa Jast','(597)935-4549x3','royce.jenkins@example.com'),(205,'Art Funk','143-075-3347','bdenesik@example.com'),(206,'Roman Legros','(979)465-8337','tgrady@example.com'),(207,'Prof. Ashlee Crooks','09919134753','kali.pollich@example.org'),(208,'Ms. Antonia Stokes MD','(205)719-0468','carter.williamson@example.com'),(209,'Danial Carter','+59(9)082492630','kasandra19@example.net'),(210,'Ottilie Gerlach','108-602-3014','tcruickshank@example.org'),(211,'Prof. Alexys Spencer Jr.','09086779970','macejkovic.kiarra@example.com'),(212,'Natalie Oberbrunner','563.893.4807x05','mosciski.nicklaus@example.net'),(213,'Mr. Ignatius Kuhn IV','(111)190-2739x6','carey.schulist@example.org'),(214,'Adrienne Mante','532-897-0177x16','lcassin@example.net'),(215,'Mr. Miguel Erdman','946.665.1934x02','myriam42@example.com'),(216,'Fausto Fisher','629-967-5532x07','ole45@example.org'),(217,'Jared Cummerata','(158)534-0723x4','emelie51@example.net'),(218,'Tillman Hoppe','06245281347','christine35@example.net'),(219,'Emmett Bernhard','082.018.4104x25','walker.laurine@example.org'),(220,'Grover Conn','+06(1)561444979','itzel.johnston@example.net'),(221,'Miss Electa Heaney','1-160-365-8412x','elaina43@example.net'),(222,'Miss Verna Watsica MD','253.451.5417','arvilla75@example.net'),(223,'Caden Howe III','1-205-308-1201','barton.hackett@example.net'),(224,'Mrs. Gloria Flatley','405-888-2389','feeney.alf@example.org'),(225,'Jaron Gaylord','091-602-3331x37','kristy.kozey@example.net'),(226,'Freeda Hessel DDS','1-468-804-7865x','uwisoky@example.org'),(227,'Saul Nienow','+22(1)284702796','ptremblay@example.com'),(228,'Prof. Seth McGlynn','1-901-825-5302','zjacobi@example.com'),(229,'Dr. Oscar Volkman','1-813-478-8820x','casper.lavina@example.com'),(230,'Humberto Schowalter','671.355.3572','bvon@example.com'),(231,'Mrs. Violette Herzog I','697.240.6306','okuneva.ron@example.net'),(232,'Dahlia Douglas','303-237-7661x35','torrey01@example.org'),(233,'Linnea Stark','158-187-6350x36','samara.bins@example.net'),(234,'Dr. Garrison Hoeger V','162.666.7213','zwiegand@example.org'),(235,'Kristofer Upton V','218-708-3228x81','giovanna33@example.com'),(236,'Ayana Yundt','(167)852-9022x2','johnson.lisandro@example.org'),(237,'Dr. Delpha Gaylord PhD','08814397596','madge79@example.org'),(238,'Miss Zoey Sipes','1-399-805-1593x','alexandra33@example.org'),(239,'Florence Emmerich','683-298-9190x84','will08@example.net'),(240,'Dr. Jennings Gorczany III','1-716-378-2415','vesta.abbott@example.net'),(241,'Ansley Ferry','079-447-0653x42','ashields@example.net'),(242,'Crystel Crona Jr.','1-506-928-6034x','ivah.mclaughlin@example.com'),(243,'Evert Leuschke','+11(9)119101145','goyette.delpha@example.com'),(244,'Demetris Spinka','1-230-529-6260x','loren14@example.net'),(245,'Mr. Brad Okuneva II','302-775-8263','blittel@example.net'),(246,'Garrison Bogan','423-163-7448x14','yundt.hannah@example.org'),(247,'Maeve Hirthe','804.643.7105','runolfsson.marlen@example.com'),(248,'Erna Fay','(964)190-5183','ldicki@example.com'),(249,'Miss Ashley Schumm III','322.166.3492','harvey.osinski@example.com'),(250,'Georgianna Hilll','573-486-5248x93','katharina.keebler@example.net'),(251,'Bettie Leannon IV','06550393376','dickens.alexis@example.net'),(252,'Gerson Kilback','540.942.6379x27','mreynolds@example.com'),(253,'Consuelo Mann','1-238-936-4967x','annetta.ward@example.net'),(254,'Bryon Moore','1-462-874-5388x','gerald.schuster@example.org'),(255,'Dixie Carter','887.689.9367','adaline41@example.net'),(256,'Breanne Kuhic','200.278.3478x32','zklein@example.net'),(257,'Darius Shields','154.728.6243','stehr.anna@example.net'),(258,'Ernesto Fritsch','941-285-4775','elliott.armstrong@example.org'),(259,'Edgar Larkin','1-596-139-7315','kelly96@example.com'),(260,'Hobart Lebsack IV','484-387-2902x48','ahahn@example.net'),(261,'Verner Ledner Sr.','722-022-7050x35','wiza.kadin@example.net'),(262,'Mr. Norwood Hauck DDS','(896)082-2835','rcollins@example.org'),(263,'Damaris Mante','1-386-244-2883','bednar.ona@example.net'),(264,'Rosina Von','03010466023','runolfsson.lydia@example.com'),(265,'Branson Langworth','1-236-348-3692','margie.wiza@example.org'),(266,'Prof. Cierra Ernser IV','851.136.1057x50','wuckert.theresa@example.net'),(267,'Prof. Nayeli Wolff','(514)079-6655x5','gleichner.johnathan@example.org'),(268,'Garfield Schamberger','+52(7)451537550','yhirthe@example.net'),(269,'Miss Vincenza Hermiston V','020.065.2097x29','lorena.kuhic@example.net'),(270,'Adolf Stanton V','(406)936-3775x9','carolyn.langosh@example.com'),(271,'Aaron Prosacco I','1-516-220-3742x','jermain67@example.net'),(272,'Frank Davis','04941195411','qshields@example.org'),(273,'Casimer Crist','(828)415-4865x0','moore.angus@example.net'),(274,'Dr. Isabell Russel DVM','820.676.0235x14','kris55@example.com'),(275,'Mr. Irving Oberbrunner IV','+99(1)578493811','wolff.tyrique@example.com'),(276,'Zoila Walter','(290)160-8818','johns.ofelia@example.net'),(277,'Gilda Ankunding','1-285-514-9983x','batz.eda@example.com'),(278,'Rozella Pollich','054-631-7793','daniel.hassie@example.org'),(279,'Ray Williamson','09047984963','greta.fritsch@example.com'),(280,'Adam Hirthe PhD','(937)705-5289x9','destany.crist@example.net'),(281,'Junius Bayer','158-442-7454','danny26@example.com'),(282,'Cheyenne Cormier Jr.','281-352-2378x45','cmayer@example.com'),(283,'Prof. Ward McGlynn Jr.','1-758-532-4281x','kertzmann.domingo@example.net'),(284,'Edgardo Jerde III','1-182-511-6533x','marlene23@example.com'),(285,'Leanna O\'Conner','(520)358-8425','pweimann@example.net'),(286,'Arnulfo Rohan','357-696-9747x05','etillman@example.com'),(287,'Christop Okuneva','957.311.4407','teresa23@example.net'),(288,'Walter Denesik','405-784-7420x19','jturner@example.net'),(289,'Malcolm Witting','200.212.9542x18','bednar.tiffany@example.org'),(290,'Euna Hammes','(568)312-1268','shaina48@example.com'),(291,'Miss Naomie Weissnat','601.583.9428','addie98@example.net'),(292,'Louie Feil','1-693-160-1945x','hirthe.margret@example.net'),(293,'Mr. Jerrold Koelpin III','1-603-991-5870x','moises.trantow@example.com'),(294,'Lilyan Homenick','1-976-019-2746','shayne.heidenreich@example.net'),(295,'Dr. Dora Lind MD','+22(4)842281499','zherzog@example.net'),(296,'Sister Cummerata DDS','02340676099','gerlach.payton@example.net'),(297,'Dr. Matilde Nader PhD','+38(5)248860831','zkeebler@example.net'),(298,'Houston Murphy','163-472-3406x30','josh.cassin@example.net'),(299,'Prof. Clifford Stark I','690.222.5135x00','jackie.olson@example.org'),(300,'Nakia Marquardt III','765-765-9003','sdare@example.net'),(301,'Mr. Jordy Baumbach Sr.','654.084.5687x41','whansen@example.org'),(302,'Prof. Lamont Runolfsdottir','302.948.1044x32','medhurst.bruce@example.net'),(303,'Miss Ciara Armstrong','1-857-844-7773x','stokes.moriah@example.com'),(304,'Mrs. Marguerite Boehm','518-810-7909','alia.green@example.org'),(305,'Lewis Bayer','550.363.5525x73','vdicki@example.com'),(306,'Eino Strosin','1-949-322-8893','kherzog@example.org'),(307,'Rodolfo Reichert','187-485-0717','rowena.kling@example.net'),(308,'Alberto Labadie','+23(2)521156669','taryn00@example.net'),(309,'Vivien Hamill','744.490.8110x67','catharine.gerlach@example.org'),(310,'Carolanne Shanahan','016-335-2204','pzemlak@example.org'),(311,'Linnie Mohr DVM','152-895-3458x98','skiles.alessia@example.net'),(312,'Miss Ashlee Lakin','(568)051-2414x8','madelyn95@example.org'),(313,'Camilla Yundt','1-082-353-8820','reichert.domingo@example.com'),(314,'Dr. Julia Stamm DVM','(199)726-2648x2','jennyfer.littel@example.com'),(315,'Brittany Cummings Sr.','+45(3)006411028','demarcus.volkman@example.org'),(316,'Prof. Esther Schmidt PhD','318.692.8558','lfranecki@example.net'),(317,'Emma Kuhic','419.470.0539','desmond.lakin@example.net'),(318,'Dr. Leonie Carter','(317)209-9049x6','miller.dickens@example.com'),(319,'Rasheed Erdman Sr.','(603)854-7509','dare.gerald@example.org'),(320,'Susie Harvey MD','925-532-8305x49','botsford.brandon@example.org'),(321,'Prof. Jamar Franecki','223.933.5095','destinee.cummerata@example.org'),(322,'Carlotta Lehner','1-823-182-8743x','schultz.carlee@example.com'),(323,'Lee Larson','939.739.4510','citlalli.macejkovic@example.org'),(324,'Ms. Ruby Buckridge','090.973.7235x56','hwillms@example.net'),(325,'Miss Delores Nienow','(392)638-6362x2','oyundt@example.org'),(326,'Prof. Anibal Cole','670.873.6216x12','ckohler@example.com'),(327,'Cyril Farrell V','913-292-1122x25','nash.ziemann@example.net'),(328,'Scotty Bernier','(207)667-1437x2','blick.loma@example.com'),(329,'Lavinia Russel IV','1-192-189-8885','miles76@example.org'),(330,'Prof. Tate Weissnat I','(958)896-6634x2','deckow.august@example.org'),(331,'Prof. Jerry Upton','007-973-2755x77','lesley.renner@example.org'),(332,'Thora Kshlerin','221-915-1018','kamren59@example.com'),(333,'Ahmed Treutel','1-184-822-8384x','powlowski.linnea@example.net'),(334,'Ms. Ottilie Metz Sr.','685-494-8344','hessel.bette@example.net'),(335,'Kyla Smith','(388)814-7767x9','willow.runolfsdottir@example.net'),(336,'Coy Purdy','(955)728-1412x0','ray37@example.org'),(337,'Mr. Lawrence Littel DVM','1-749-873-4672','gkovacek@example.org'),(338,'Michele Powlowski','(777)934-7610','elinor43@example.org'),(339,'Luis Dicki','363-312-4319','kris.margarett@example.net'),(340,'Prof. Alyson Hintz PhD','440-653-7990','fay.lesley@example.org'),(341,'Sydni Wehner II','1-183-372-5452x','rick.hackett@example.net'),(342,'Karli Blanda Sr.','422.315.7002x08','america.marvin@example.com'),(343,'Kelton Reinger','1-155-334-8287x','jerrold47@example.org'),(344,'Andreanne Gorczany','848-652-4251x09','gerlach.hubert@example.org'),(345,'Ruben Langosh','616-297-2828x57','valentine44@example.org'),(346,'Miss Allene Davis DDS','1-202-231-9828','marilou81@example.net'),(347,'Laila Volkman','1-951-076-5821','maia58@example.org'),(348,'Fabian Lindgren','1-068-430-3608x','rico.osinski@example.net'),(349,'Dr. Zoie Feil PhD','(324)210-6940x1','bartell.kirstin@example.com'),(350,'Ms. Pauline Schumm','466.649.9383x04','connelly.dudley@example.net'),(351,'Jonathon Labadie','609.727.3104','paolo70@example.net'),(352,'Mr. Mac Cole DDS','1-070-743-6658x','edgar.heller@example.com'),(353,'Ken Kris','09729595992','bschulist@example.net'),(354,'Clyde Hauck','1-606-563-6583x','enos51@example.org'),(355,'Carson Ratke','(535)526-4269x3','leonora.walsh@example.com'),(356,'Selena Terry','695.992.7767x30','jimmy39@example.net'),(357,'Prof. Wade Jerde IV','1-116-924-9202','georgiana.paucek@example.com'),(358,'Alexa Rohan I','1-733-282-9880x','carolanne.braun@example.org'),(359,'Astrid Schultz IV','(299)437-5372','ypollich@example.net'),(360,'Dr. Dallas Crooks','(998)538-7551','franecki.mike@example.com'),(361,'Monserrat Zemlak','06068255756','nichole62@example.org'),(362,'Lura Hettinger','1-427-133-9731x','geo14@example.org'),(363,'Amalia Schmidt','832-409-1528','macy.hagenes@example.org'),(364,'Clementine Mayert','00602931597','pete.welch@example.net'),(365,'Carrie Gleason','1-261-173-9300','maggio.braxton@example.org'),(366,'Gus Stanton','1-269-436-9519x','ciara.hilpert@example.net'),(367,'Estrella Mayert','066-791-1197x49','moriah.bogan@example.com'),(368,'Retta Koelpin DVM','(436)595-7427','mdietrich@example.net'),(369,'Madalyn Will','294.161.3964x74','garrett.weimann@example.net'),(370,'Dr. Rollin Metz V','369-634-0011x52','langworth.sigmund@example.org'),(371,'Dr. Dahlia Lindgren MD','626-492-8322x69','lemke.harry@example.net'),(372,'Maverick Mayert','221-367-2325x18','stanley.murazik@example.com'),(373,'Tracey Murphy','(431)134-1612x2','rebekah.mcglynn@example.com'),(374,'Michaela Waelchi','+93(9)263537857','boyd36@example.com'),(375,'Mac Williamson','236-357-4893','wgoodwin@example.com'),(376,'Mable Gusikowski III','378-256-1648x97','hills.grayson@example.com'),(377,'Miller Senger','1-620-141-2298x','aniyah62@example.com'),(378,'Treva Dicki','968.828.5486x18','rharris@example.net'),(379,'Ms. Makayla Dickens DDS','1-724-885-3352x','considine.juston@example.org'),(380,'Kelsie Jaskolski IV','1-614-935-5228x','sawayn.diana@example.com'),(381,'Miss Corrine Crooks','764.735.0749','alex.prosacco@example.org'),(382,'Reanna Cummings I','698.397.8417','pkonopelski@example.org'),(383,'Sibyl Jakubowski','09043168729','fritsch.jedediah@example.net'),(384,'Prof. Ellie O\'Kon','06698140163','lura24@example.net'),(385,'Mr. Lazaro Kutch PhD','943-803-6563x31','sabrina92@example.com'),(386,'Alec Senger','1-048-206-1582x','llewellyn.rice@example.org'),(387,'Mr. Blaise Osinski','444-530-3898x48','mcglynn.alanna@example.org'),(388,'Allie Wintheiser IV','031.972.1229x38','aweissnat@example.org'),(389,'Connie Schumm','193.172.4170','frami.laury@example.com'),(390,'Dr. Bret Weber','267-800-6387','rowena61@example.com'),(391,'Miss Eulalia Gislason','06548386068','rodriguez.declan@example.com'),(392,'Jaiden Funk','(469)788-4478x3','nya61@example.net'),(393,'Marcelina Keeling','1-093-751-6384x','solon72@example.org'),(394,'Dr. Serenity Douglas III','05976350092','carter.patience@example.net'),(395,'Eusebio Grady V','(043)995-5687x0','elindgren@example.org'),(396,'Prof. August Hayes II','221-171-5716x86','dlind@example.net'),(397,'Eloisa Rosenbaum','08408207038','fschuppe@example.com'),(398,'Jeanie Bergstrom III','(247)050-0971','vbailey@example.com'),(399,'Dr. Hobart Streich MD','07511361668','milton.stark@example.net'),(400,'Princess Okuneva','(214)413-9875x9','mdurgan@example.org'),(401,'Ari Hand','1-363-828-8516x','fmayert@example.net'),(402,'Dr. Myrtice Cronin I','015-792-0889x78','maverick.shields@example.org'),(403,'Stephon Gottlieb','1-782-179-7604x','dietrich.jermey@example.org'),(404,'Jakob Boehm','402.574.2561x15','mkuhic@example.net'),(405,'Prof. Dora Vandervort','304.702.0145x97','mosciski.rubie@example.org'),(406,'Simeon D\'Amore','(982)200-4367x8','monahan.callie@example.net'),(407,'Guadalupe Koelpin','837.039.3642','homenick.brayan@example.com'),(408,'Dock Veum','317.048.6901x09','hirthe.lorna@example.org'),(409,'Prof. Danial Krajcik V','673-186-3483','branson.parisian@example.net'),(410,'Hyman Boyle','1-223-037-0598','kallie.kiehn@example.com'),(411,'Bette Murazik V','375-696-1860x39','eva04@example.com'),(412,'Freddie Heathcote','1-026-085-0969x','ruecker.casey@example.org'),(413,'Estefania Nitzsche','(906)377-0594','moore.kristofer@example.org'),(414,'Dr. Velma Lowe','05729661558','white.javier@example.org'),(415,'Kennedy Kessler III','01340104261','josefina.witting@example.org'),(416,'Shakira Casper','(863)919-9062x0','merle19@example.org'),(417,'Dr. Liam Feil IV','909.316.7607x47','abigale41@example.net'),(418,'Dr. Katelynn Berge','(285)536-7859x9','hfay@example.org'),(419,'Prof. Ila Schumm','1-169-214-1934','miller.bernice@example.net'),(420,'Imelda Schaefer','02364842148','murazik.rebeka@example.org'),(421,'Anissa Schoen','+03(5)319249554','alice.senger@example.org'),(422,'Prof. Robin Morissette','358.474.7214','valerie93@example.net'),(423,'Prof. Jackeline Jakubowski IV','05840125237','aleffler@example.org'),(424,'Santina Haley','1-031-516-7272','keith.schneider@example.net'),(425,'Luther Lemke','880.586.7249x89','sjakubowski@example.com'),(426,'Felicia Marks I','(866)815-4872','karine79@example.com'),(427,'Prof. Bonnie Reichel II','(051)304-4071x4','freida.emard@example.net'),(428,'Miss Ocie Russel IV','(017)746-4169x7','wdooley@example.org'),(429,'Imogene Kuhlman','313.150.6066x23','christelle.stokes@example.com'),(430,'Ms. Roma Rippin PhD','1-952-506-7150x','rath.adella@example.com'),(431,'Miss Kristina Parker DDS','528.344.7216','rframi@example.net'),(432,'Irving Abbott','275-663-9898','eondricka@example.com'),(433,'Prof. Adalberto Cummerata V','08873281354','pfeil@example.com'),(434,'Ms. Jackeline Larson DDS','286-839-4462','doyle.claude@example.org'),(435,'Sallie Borer','130-513-3005x44','tcummings@example.com'),(436,'Mr. Rocio Braun','(408)133-8626x8','stephon.fritsch@example.org'),(437,'Rudy Huel','(489)175-1580x0','mosciski.julianne@example.net'),(438,'Prof. Marlin Swaniawski','1-655-192-3676','niko51@example.com'),(439,'Leila Jakubowski','407.168.9464','wiza.joanny@example.org'),(440,'Manley Johnston','(764)419-7353x6','gibson.ari@example.net'),(441,'Dr. Amie Johns','630.419.7126','zankunding@example.net'),(442,'Dr. Mina Breitenberg V','241.001.9381x52','cassin.hortense@example.net'),(443,'Dr. Bailey DuBuque','998.723.6921x59','violet88@example.net'),(444,'Miss Monique Carter','905.008.6476x33','ylang@example.net'),(445,'Elaina Bauch','954-415-3325','claire46@example.org'),(446,'Alba Schuppe','025.034.4201','mayer.elwin@example.org'),(447,'Tamia Bernhard','(873)950-9834x9','kub.jaunita@example.org'),(448,'Prudence Blanda','1-491-139-9031x','hayes.quincy@example.com'),(449,'August Harber','856.755.9129x26','dboyle@example.org'),(450,'Miss Frieda Boyer','+15(8)285603232','ibeier@example.com'),(451,'Callie O\'Kon Sr.','09044426156','reginald29@example.com'),(452,'Dayana Waters I','943-971-0963','maynard.lubowitz@example.com'),(453,'Ofelia Larson','(135)559-0694x5','eula.hagenes@example.com'),(454,'Thurman Lowe','376.177.0871x92','kenneth76@example.org'),(455,'Danika Aufderhar PhD','197.007.1893','amie.kutch@example.com'),(456,'Dr. Darrin Daugherty','485.689.1911x39','rgoyette@example.net'),(457,'Destiney Kunze DDS','1-594-703-7980x','tiffany.hackett@example.com'),(458,'Delphine Glover II','(737)221-5799x7','ylehner@example.org'),(459,'Mrs. Martine Jakubowski','059.501.4156x03','raymond.davis@example.net'),(460,'Dortha Ullrich','(752)510-5533x9','carroll.queenie@example.net'),(461,'Quincy Hessel','416.929.9234x35','rparker@example.net'),(462,'Miss Alessandra Conroy','(685)306-5374x5','loma.schimmel@example.com'),(463,'Morris Stiedemann II','697.875.9806','cristopher30@example.com'),(464,'Princess Davis','1-258-294-5814x','sschamberger@example.com'),(465,'Joshuah Reynolds DVM','(780)616-8747x4','carlie71@example.net'),(466,'Geovanny Sipes','744-284-7748','bernier.vance@example.net'),(467,'Prof. Bradley Spencer','1-531-284-7913x','valentine62@example.org'),(468,'Mrs. Jennie Cronin','1-291-135-0806','carol.collins@example.org'),(469,'Simone Ziemann','336.266.5276','hane.carissa@example.org'),(470,'Scot Senger','1-434-592-8443x','yazmin52@example.com'),(471,'Walton Pouros','03386844987','heller.catharine@example.net'),(472,'Keely Bahringer','09889562781','rex.emard@example.net'),(473,'Berry Kunde','(319)342-3640x1','o\'reilly.dexter@example.net'),(474,'Irwin Littel','(527)733-2849','kunde.clifford@example.net'),(475,'Thad Weimann','(195)925-8054x2','eloy.corkery@example.net'),(476,'Dorcas Spencer','(841)363-5417','imosciski@example.net'),(477,'Connor Steuber','01920154760','crona.maximus@example.net'),(478,'Kevin Mraz','(566)460-8776','karine55@example.com'),(479,'Dangelo Kub','+35(3)815325177','frankie.will@example.com'),(480,'Kendra Jacobson DVM','1-747-642-5994','julian.mcglynn@example.net'),(481,'Khalil Larkin','234-798-7565x47','mdickinson@example.com'),(482,'Corene Bednar III','1-632-977-4789','lbergnaum@example.net'),(483,'Prof. Lon Kovacek III','841.222.4427x06','schamberger.bradley@example.net'),(484,'Dr. Lisandro Lueilwitz','(619)027-9157x9','jaquan64@example.com'),(485,'Dr. Gudrun Swift IV','(080)633-4129','dixie.paucek@example.org'),(486,'Ms. Nona Kozey MD','(313)214-7607','annie.runolfsdottir@example.net'),(487,'Dr. Wilfred Hand','(745)735-3730','dmorissette@example.net'),(488,'Willis Homenick','358-190-7282x54','schmidt.cheyanne@example.net'),(489,'Kathryne Witting','285.541.8132x62','cristal.bechtelar@example.org'),(490,'Hailey Lueilwitz','01716891941','queen.monahan@example.com'),(491,'Kelly Kautzer','06426511375','ewald.heidenreich@example.com'),(492,'Alex Lueilwitz','672.981.7294x87','brennon17@example.org'),(493,'Jaqueline Schuppe','412.932.3974','csawayn@example.net'),(494,'Moises Brown','01134049486','mann.dayne@example.net'),(495,'Prof. Dion Bernier IV','05868905482','kjerde@example.com'),(496,'Prof. Theodore Nikolaus IV','1-190-928-6689x','eudora43@example.com'),(497,'Carlo Macejkovic','341-278-3348','minerva.ebert@example.net'),(498,'Ward Auer','+83(9)934966217','lue.gottlieb@example.org'),(499,'Horace Donnelly','1-026-369-5816x','serdman@example.org'),(500,'Glennie Eichmann Sr.','584.465.5421x56','ro\'connell@example.net'),(501,'Dr. Dereck Becker','430-782-1244x29','ines.treutel@example.org'),(502,'Dr. Teagan Lang Sr.','481.945.1636','daniel.chelsea@example.com'),(503,'Bridget Bartell','459-803-1987','ilesch@example.net'),(504,'Prof. Clyde Boyle IV','(578)934-4933x4','gabriella58@example.org'),(505,'Mario Lind','615.852.8416x15','yraynor@example.org'),(506,'Jerod Ebert I','09083586828','uriah76@example.org'),(507,'Sonny Romaguera PhD','566.104.8092','peter08@example.org'),(508,'Dr. Pietro Bartoletti V','(774)788-8575x1','darion89@example.net'),(509,'Fanny Durgan','806-225-7903','dvon@example.com'),(510,'Max Gorczany DVM','937.212.9342','gorczany.kirk@example.net'),(511,'Lance Goyette','423.289.7794','veum.derek@example.org'),(512,'Emiliano Ritchie','(952)544-3933','hilll.kasandra@example.org'),(513,'Vena Senger','752-064-5600x94','jhoppe@example.com'),(514,'Elwin Mante','1-321-520-5619','ssimonis@example.org'),(515,'Sammie Feeney II','652.345.5230x27','amalia.wunsch@example.com'),(516,'Janae Kozey Jr.','02303745644','king.kailey@example.net'),(517,'Deanna Treutel','(766)154-2330x0','jamison68@example.net'),(518,'Prof. Jerald Leuschke','+92(1)381730902','kyle07@example.net'),(519,'Dr. Isaias Thiel','701-923-9584x55','yschoen@example.com'),(520,'Mazie Conn','(778)303-9183x9','thalvorson@example.net'),(521,'Karina Kris','(804)662-2262x6','qhayes@example.com'),(522,'Jalon Schinner','544-623-6150x28','ondricka.ruthe@example.org'),(523,'Mylene Roberts','402.926.6449x28','wintheiser.oma@example.org'),(524,'Patsy Wuckert','(075)536-9764x0','shana80@example.com'),(525,'Prof. Amos Blanda DVM','+81(0)954378254','pollich.velda@example.com'),(526,'Gunnar Mante','154.428.8576x65','oshields@example.com'),(527,'Ms. Ernestina Dooley Jr.','(308)543-5253','dameon78@example.org'),(528,'Lula Nolan Jr.','(920)443-6970x6','thermiston@example.org'),(529,'Henry Huels Jr.','(042)108-1393x5','purdy.russ@example.org'),(530,'Lauryn Rau','08465294957','brett.quitzon@example.net'),(531,'Miguel Krajcik','(564)476-6470x2','uheaney@example.org'),(532,'Serenity Hickle','091.407.3185','josefa.homenick@example.com'),(533,'Issac Considine','103.640.1716x96','raphael.kulas@example.net'),(534,'Raymundo Littel','1-445-006-9669x','lreinger@example.org'),(535,'Freeda Ankunding I','565-715-0550x79','goldner.forrest@example.com'),(536,'Jaclyn Mohr','05025719833','wiza.paxton@example.net'),(537,'Caterina Conn','1-237-366-6087','kschaden@example.net'),(538,'Dr. Nikita Casper II','1-619-078-9983','kwiegand@example.com'),(539,'Meta Murray','04998477768','pabbott@example.com'),(540,'Mrs. Bert Gorczany II','(439)517-1210','dibbert.natalie@example.org'),(541,'Holden Corkery','1-480-142-2048','veum.katrina@example.org'),(542,'Mariah Marquardt DVM','117-110-2385','vernon.hyatt@example.com'),(543,'Ardith Stoltenberg','(906)783-5009','hgraham@example.org'),(544,'Jeromy Gorczany','925.795.8042x56','brempel@example.org'),(545,'Dr. Asia Goldner MD','390-610-9267x93','ottilie.mraz@example.net'),(546,'Mr. Christ Hettinger DVM','(451)442-2791','linwood.fahey@example.com'),(547,'Mr. Luther Lockman','(149)561-0310x8','muller.eldred@example.org'),(548,'Lorine Witting','+43(9)865993307','ohayes@example.org'),(549,'Era Crist','099.831.5791','abbie88@example.com'),(550,'Prof. Jordan Emmerich','(917)188-4950x6','reanna52@example.org'),(551,'Akeem Wyman PhD','00375370786','mose.grady@example.net'),(552,'Mrs. Cristal Cronin DDS','964-206-2412','estracke@example.org'),(553,'Catalina Brekke IV','1-086-981-7671x','kerluke.amya@example.net'),(554,'Tiffany Tillman','1-743-971-7973x','xbeatty@example.net'),(555,'Mrs. Marjorie Luettgen','430.487.3762x44','bhermiston@example.net'),(556,'Deborah Keebler','773.795.1825x36','becker.marjory@example.com'),(557,'Marcelina Kovacek','678.574.6202x71','evalyn.leffler@example.org'),(558,'Prof. Werner Leffler V','329-414-2385x89','ashton.mcdermott@example.net'),(559,'Halie Considine','1-545-516-7577x','ali.kemmer@example.com'),(560,'Prof. Hanna Monahan','1-057-960-0244','bella.schultz@example.com'),(561,'Geovanni Boyer','1-856-727-3594x','christop.dach@example.org'),(562,'Jerry Kassulke MD','625-994-2750','ephraim.vandervort@example.com'),(563,'Annetta Fahey','1-889-010-4044','fadel.foster@example.net'),(564,'Florine Homenick','625-689-7735','darian77@example.org'),(565,'Nathan Herman','490-241-3486','rosanna.vandervort@example.net'),(566,'Saige Howe','346-479-7788x03','fatima97@example.com'),(567,'Emie Grant','(633)664-5207x9','vmante@example.net'),(568,'Friedrich Jast','+88(5)121711250','champlin.laurence@example.net'),(569,'Henderson Kub','(921)434-4701','lindgren.letha@example.com'),(570,'Jennyfer Green I','02849514563','alvis91@example.net'),(571,'Jeramy Treutel','(983)874-3799x1','domenick51@example.net'),(572,'Miss Alysa Heidenreich DVM','+66(1)405312869','ostroman@example.com'),(573,'Octavia Brown','06395823645','eichmann.royal@example.org'),(574,'Eric Hauck','530.747.7001x58','o\'kon.lonzo@example.com'),(575,'Brionna White','+82(5)982680030','augusta97@example.net'),(576,'Lura Brown I','337.055.2954x24','richard83@example.net'),(577,'Giuseppe Turner','1-991-495-1960','njerde@example.net'),(578,'Jo Kreiger I','(089)389-6404','odessa50@example.net'),(579,'Rory Buckridge','1-999-706-1123','ycronin@example.org'),(580,'Dr. Bonnie Bosco','600.653.2269','balistreri.lexi@example.net'),(581,'Zack White','144.277.9852','hdach@example.org'),(582,'Roel Spinka','1-708-210-9281x','farrell.pedro@example.org'),(583,'Edwina McCullough','523-741-9562x07','dee.hills@example.net'),(584,'Winona Fritsch','(534)508-9936x4','roberta69@example.com'),(585,'Cloyd Willms','+39(8)575918596','johnson24@example.com'),(586,'Josefa Schmitt','900.821.7597','america40@example.com'),(587,'Mr. Gunner Ankunding MD','+59(9)355858767','adolph.luettgen@example.com'),(588,'Dr. Ransom Weissnat Jr.','894-986-9672','wluettgen@example.com'),(589,'Bertram Flatley','1-896-970-6619x','rbrekke@example.com'),(590,'Lucienne Turner I','1-148-874-2427x','derek51@example.org'),(591,'Dr. Celine West Sr.','04616359708','ibalistreri@example.com'),(592,'Robbie Bergnaum','675-919-8579','leannon.nellie@example.net'),(593,'Kaylah Hansen II','+33(4)856081121','yundt.karlie@example.net'),(594,'Herminia Wyman Sr.','192.233.7266','larry.marquardt@example.com'),(595,'Helen Brakus','754-033-9737x49','shaylee.wiegand@example.com'),(596,'Flavie Breitenberg I','(250)282-4161x6','brooklyn78@example.net'),(597,'Tressa Zboncak','(659)927-9359x5','ocartwright@example.net'),(598,'Onie Walker','848-101-9876x21','floyd.beahan@example.org'),(599,'Katarina Schoen','1-231-572-9981','zhickle@example.net'),(600,'Dewayne Ritchie','(959)589-1054x5','bins.ned@example.org'),(601,'Gerald Herzog','08719087964','tiara20@example.org'),(602,'Miss Bailee D\'Amore','(569)613-0680x0','eileen.jerde@example.org'),(603,'Brown Larson','1-376-670-0808x','bruen.alyson@example.org'),(604,'Isom Halvorson','02244235025','vrogahn@example.org'),(605,'Mr. Emerald Kerluke Sr.','1-563-174-5519','cabernathy@example.org'),(606,'Prof. Vinnie Schmidt Jr.','668.395.5161x03','yasmeen.ullrich@example.org'),(607,'Jerrod Ondricka DVM','277.178.5509','zklocko@example.org'),(608,'Celestino Bernhard','(956)299-0389','wiegand.maud@example.org'),(609,'Ollie Fadel DDS','(772)988-8617x5','isabell.douglas@example.net'),(610,'Noelia Blanda','689-486-9440x90','moses.morissette@example.com'),(611,'Rosina Kulas','958-142-0506x77','uwindler@example.com'),(612,'Alberta Bailey V','(459)767-2199x4','jakubowski.allison@example.net'),(613,'Dr. Guillermo Schuster','+62(5)044063934','xhermann@example.net'),(614,'Prof. Brooke Russel Jr.','534-142-0274x29','swift.nina@example.net'),(615,'Prof. Darryl Vandervort','(716)843-7235x9','tamara43@example.com'),(616,'Miss Sienna Schumm V','739-959-7512x51','shermiston@example.com'),(617,'Ewald Blanda','1-377-613-6383x','kuhn.kaleigh@example.org'),(618,'Duane Gleichner','152.731.4776','waylon06@example.net'),(619,'Prof. Reggie Daniel','(825)676-1328x5','cgreenholt@example.org'),(620,'Marvin Schumm','05687460610','klabadie@example.net'),(621,'Crystal Strosin','09848596669','murray.mariam@example.com'),(622,'Geovanny Braun','(147)301-2260x6','luciano82@example.com'),(623,'Libbie Bechtelar Sr.','1-123-793-6856','ldouglas@example.com'),(624,'Roxane King MD','(527)128-1166x6','garett24@example.net'),(625,'Courtney Fisher','515.193.2806','bonita.baumbach@example.org'),(626,'Nathanael Beer','154-218-7540','camden94@example.org'),(627,'Destinee Kozey','133-839-0874x84','mlittel@example.com'),(628,'Stephen Mann','307.329.4467x43','fabiola28@example.net'),(629,'Nash Gerhold','(791)406-3143x8','lorenza.frami@example.net'),(630,'Prof. Keon Kiehn','(163)203-8014','will.melody@example.com'),(631,'Katrine Sawayn','271-676-9077x48','vnienow@example.com'),(632,'Phyllis Walker','509.853.4048x85','moen.tyshawn@example.com'),(633,'Viva Rau','(759)719-0624','lindgren.tobin@example.com'),(634,'Toby Wyman','05004941521','aida.bahringer@example.com'),(635,'Abigail Hoeger II','1-566-129-0404x','raoul33@example.org'),(636,'June Kris','+88(7)976690044','neha.douglas@example.net'),(637,'Mrs. Kailyn Von','+65(6)233483561','lurline.glover@example.net'),(638,'Amely Kassulke','+09(4)947598975','ifarrell@example.org'),(639,'Kadin Quigley','(491)219-3327','earnestine57@example.com'),(640,'Dr. Lennie West','882-027-9948','jewel.durgan@example.com'),(641,'Israel Wolff','209.094.5730x40','leda39@example.com'),(642,'Mrs. Danika Schroeder','1-192-033-2551','anita.pagac@example.org'),(643,'Moriah Koelpin','1-614-936-8419x','istroman@example.com'),(644,'Miss Colleen Klocko MD','+18(4)720183471','elenor.wolf@example.net'),(645,'Genesis Reinger','+72(9)616903857','hleannon@example.com'),(646,'Oda Gulgowski','01784043235','dkertzmann@example.com'),(647,'Mr. Regan Rippin','(206)924-4635x0','oferry@example.org'),(648,'Jerrold Wisozk IV','006.767.7448x51','feest.loyce@example.net'),(649,'Ima Gutmann','+53(5)218852028','dean26@example.org'),(650,'Verda Vandervort','(715)595-7814','satterfield.sedrick@example.org'),(651,'Troy Powlowski','(052)352-5252x7','qbayer@example.net'),(652,'Mariane Shields','(011)445-9877x0','kiarra20@example.org'),(653,'Ayana Kiehn','+77(5)986271751','dmueller@example.net'),(654,'Veronica Gleason Jr.','968.881.3689','carlotta84@example.net'),(655,'Leopoldo Pouros','266.425.0040','donnelly.amara@example.org'),(656,'Dr. Alexandra Connelly Jr.','1-920-948-6279x','blaze91@example.com'),(657,'Krystal Rogahn','+61(3)085800351','hkonopelski@example.com'),(658,'Dr. Griffin Ziemann V','05165702799','lang.cale@example.com'),(659,'Ms. Laisha Crona IV','042-957-2164x01','amaggio@example.com'),(660,'Prof. Coleman Bauch Sr.','262.518.5965x45','estell.klein@example.net'),(661,'Maria Schowalter','128.032.1133x39','dante76@example.org'),(662,'Mohammed Jones','(335)825-2425x6','jaclyn.weber@example.net'),(663,'Mrs. Ilene Metz DDS','(851)793-9334','terry.cristina@example.net'),(664,'Hailie Olson','828-653-3252x56','asa82@example.net'),(665,'Terrill Wiegand','483.985.4143x30','veda.hills@example.com'),(666,'Haylee Kuhlman I','587.610.4047','tyrel.hills@example.com'),(667,'Dr. Krystal Johnston DDS','1-222-060-9333x','gottlieb.merle@example.net'),(668,'Samir Leffler DVM','+05(3)745175012','natalia02@example.org'),(669,'Mr. Louvenia Franecki IV','091-042-4064x37','borer.hobart@example.net'),(670,'Mrs. Isobel Ankunding I','1-484-676-5483x','alvis13@example.net'),(671,'Quinton Walsh','+47(5)842242781','bria.toy@example.org'),(672,'Lavon Beer','(932)458-9428','okassulke@example.net'),(673,'Johnnie Crooks','(210)647-3421x1','strosin.tiffany@example.org'),(674,'Mr. Macey Reilly DVM','1-134-950-4781','gislason.shad@example.net'),(675,'Bruce Fadel','1-045-734-0284x','pratke@example.com'),(676,'Mrs. Yvette Frami','(723)817-4499','nitzsche.theo@example.net'),(677,'Brendan Frami PhD','(897)723-6958','cecile.zboncak@example.com'),(678,'Mrs. Zella Kemmer','912-341-7061','wunsch.alfred@example.net'),(679,'Ressie Kunde','981-160-5181','gavin.nader@example.com'),(680,'Edgardo Bechtelar','(233)057-8023','ward.stone@example.net'),(681,'Charlie Rolfson','318-117-4003x63','skylar93@example.com'),(682,'Mr. Oran Lindgren','08029161010','mante.johnnie@example.net'),(683,'Prof. Brown Runte','419.420.9398x94','oliver.gusikowski@example.com'),(684,'Noemie Towne','01297810901','mcglynn.gladys@example.net'),(685,'Miracle Auer','1-494-679-5107','sporer.jessica@example.org'),(686,'Jerry Kiehn','03791415845','vjakubowski@example.org'),(687,'Juwan Pfeffer','1-963-808-0093x','billy29@example.org'),(688,'Alisa Beatty','(674)688-9619','berenice94@example.net'),(689,'Trevor Schmidt','1-323-604-4145','kozey.garrick@example.org'),(690,'Savanna Harris','1-872-400-9620x','weissnat.bradford@example.net'),(691,'Harmon Grady','(757)505-6384x9','kmitchell@example.com'),(692,'Dr. Lou Johnston','1-499-983-6944','ngulgowski@example.com'),(693,'Mrs. Vilma Grady II','648.850.8663x59','estokes@example.com'),(694,'Vernice Vandervort','677-031-3050','pedro.jerde@example.com'),(695,'Dr. Gussie Hoppe V','998.655.5929x84','joe05@example.com'),(696,'Abdul Bashirian','(274)990-3019x4','irma.windler@example.net'),(697,'Annabel Beahan','(274)143-3611x4','buck.hahn@example.net'),(698,'Freddy Ernser','(112)013-2293x2','piper57@example.net'),(699,'Jarrett Russel','446.201.1783','schneider.abbie@example.com'),(700,'Annabell Doyle I','(283)257-2858','jacinto.lockman@example.org'),(701,'Mr. Darrick Pouros','004.821.8046','edgar42@example.net'),(702,'Norris Brekke DVM','629-279-0919','kfisher@example.org'),(703,'Howard Ferry IV','1-811-176-4643x','dahlia99@example.com'),(704,'Anjali Feeney V','362-385-4062','carolina.trantow@example.net'),(705,'Mr. Maverick Stoltenberg MD','09623921508','darron.pfeffer@example.org'),(706,'Liana Von','1-781-082-8805','crist.jordan@example.org'),(707,'Van Hermann','(293)067-7446','schaden.lilyan@example.net'),(708,'Arielle Abernathy MD','+66(9)196316014','koepp.alfreda@example.org'),(709,'Amy Erdman','1-478-122-6167x','xhamill@example.org'),(710,'Jairo Hills','948.313.2919x47','twila.dietrich@example.org'),(711,'Viva Brakus Jr.','004-467-1497','gibson.savannah@example.com'),(712,'Cleta Price','469.975.9749','keebler.gage@example.com'),(713,'Mario Hilll','045.641.6954x03','marquis.runolfsson@example.net'),(714,'Dr. Hipolito Heaney PhD','1-866-563-6054','beer.doyle@example.net'),(715,'Adan Marvin','914-304-0888','vcrona@example.net'),(716,'Gonzalo Wiza','1-747-763-7029','breanna44@example.com'),(717,'Mr. Myron Hessel','(194)642-2143x2','alysa.strosin@example.org'),(718,'Marley Lebsack II','413-016-6442','hilpert.gladyce@example.net'),(719,'Prof. Serenity Runte','(535)516-7035x1','grant.demetris@example.com'),(720,'Karine Raynor','373-156-6361x19','stanley00@example.net'),(721,'Prof. Mathew Hickle DDS','847.429.6131x40','noelia98@example.org'),(722,'Paxton Stokes','700.679.2067','srohan@example.com'),(723,'Melissa Ziemann','763-912-7728','litzy81@example.com'),(724,'Beverly Leffler V','1-527-160-2631x','brown.concepcion@example.org'),(725,'Beatrice Leuschke','892.977.2672','easton11@example.com'),(726,'Yvonne Pagac','953.361.8753','satterfield.brook@example.com'),(727,'Mrs. Sandra Monahan IV','778-625-1495','ftreutel@example.net'),(728,'Vivien Botsford IV','845-171-1008','rstanton@example.com'),(729,'Easton Fritsch','605.654.0124','felicita22@example.org'),(730,'Dr. Kristoffer Mertz MD','(510)342-4395x0','hodkiewicz.jordyn@example.org'),(731,'Rocio Bosco','957.853.8469x44','wharvey@example.com'),(732,'Mr. Edmund O\'Kon PhD','837.743.2260x42','mcclure.addison@example.com'),(733,'Wilford Stehr','693-818-1944x17','eudora09@example.org'),(734,'Mercedes Rice Sr.','387.597.0166','elmira71@example.com'),(735,'Candido Roberts','(126)487-7186','nikko40@example.com'),(736,'Torrance Keebler','(849)518-1604','qkoss@example.org'),(737,'Alycia Keeling','1-082-137-4423x','pollich.hilton@example.com'),(738,'Coty Rutherford','+84(9)936694260','javonte70@example.com'),(739,'Maud Morar','1-857-578-3595x','romaguera.ellie@example.org'),(740,'Jayme Stiedemann','993-784-5085x50','araceli95@example.net'),(741,'Dina Schumm','418-157-9222','dgoodwin@example.net'),(742,'Delphine Schaefer','1-647-877-1183x','erdman.caleb@example.com'),(743,'Talon Mraz','(731)481-2584x3','jerde.clotilde@example.com'),(744,'Charlotte Dickinson','(713)823-8825x4','myrtice.herzog@example.net'),(745,'Sydnie Dibbert','1-770-590-0583x','hamill.estefania@example.net'),(746,'Jacinthe Barton','774-392-4365x58','feest.corbin@example.com'),(747,'Elta Olson Sr.','(705)184-1523x2','kpowlowski@example.com'),(748,'Eudora Schiller','386.530.9120x60','hskiles@example.com'),(749,'Sylvan Abernathy','173-768-7597x83','usimonis@example.org'),(750,'Prof. Dave Wiza','474-284-6699x22','toy.rosenbaum@example.com'),(751,'Mr. Josh Kozey','+97(1)752062207','williamson.buford@example.net'),(752,'Ryan Herzog','758-761-9108x25','urunolfsdottir@example.net'),(753,'Perry Gusikowski','319-385-5101x11','ywindler@example.org'),(754,'Lonny Reichert PhD','492-816-8316','kariane.mertz@example.com'),(755,'Aleen McGlynn','+76(8)099852559','cali.considine@example.net'),(756,'Lenna Green MD','+25(9)677974866','green.ashley@example.org'),(757,'Dr. Justice Stroman','344-774-9669','korbin.rau@example.net'),(758,'Ettie Boyle','(630)211-9193x1','chyatt@example.org'),(759,'Kenya Homenick PhD','910-334-7836x37','hirthe.sigurd@example.org'),(760,'Chelsea Pouros IV','339-165-6513','ecorkery@example.org'),(761,'Sophia Beatty','215-181-5852x80','rex76@example.com'),(762,'Shayne Cronin','611-274-5215x49','merlin.boyer@example.net'),(763,'Misty Cummerata DVM','1-720-771-5899x','igleason@example.net'),(764,'Dr. Gennaro Vandervort','460.750.3832x17','misty.ryan@example.com'),(765,'Maurine Denesik','1-767-836-4592','angelita.crooks@example.org'),(766,'Stefanie Fay','1-023-027-0113','letitia.bauch@example.net'),(767,'Dr. Clotilde Senger','+70(3)850390445','ratke.sean@example.org'),(768,'Jerome Cormier','06045888364','elfrieda.marks@example.com'),(769,'Garnet Glover','(576)765-8295x2','block.verlie@example.net'),(770,'Romaine Hansen','(091)985-7244x6','emilio.murray@example.org'),(771,'Mrs. Hillary Towne','(309)512-8802','kelsie42@example.com'),(772,'Prof. Kaden Mills Sr.','344-314-3620','aniya.durgan@example.net'),(773,'Laila Cruickshank','02402710549','rau.rozella@example.org'),(774,'Ms. Rachael Nader IV','742.015.8585x23','kling.brigitte@example.org'),(775,'Earnestine Altenwerth','1-149-972-0222x','hermiston.fabiola@example.org'),(776,'Josh Littel','962.919.7552','elissa44@example.org'),(777,'Twila Maggio','138.769.8417','peichmann@example.net'),(778,'Elise Koss Jr.','(705)092-0634x8','jaquelin.rutherford@example.com'),(779,'Dallas Runolfsdottir','641-457-4050x96','ike.romaguera@example.com'),(780,'Madilyn Davis','1-314-705-0369x','muhammad.herzog@example.com'),(781,'Dr. Zackary Willms I','(772)451-5837x1','yprice@example.net'),(782,'Miss Shannon Cremin III','(843)640-2588x5','homenick.bernita@example.org'),(783,'Jonas Bins','+07(6)077457136','schneider.ian@example.com'),(784,'Garnett Cartwright','(669)149-7592x0','ebert.clair@example.net'),(785,'Piper Keebler','366.020.8307x64','zreynolds@example.com'),(786,'Jonatan Lemke','892.998.1813x20','wkulas@example.com'),(787,'Miss Angelina Bartell II','419.005.1035x01','xwaelchi@example.org'),(788,'Augusta Dooley','+38(9)934883479','cwiegand@example.com'),(789,'Stella Ledner','828.067.4305x04','gillian.heller@example.org'),(790,'Chaya Kulas IV','543-372-2155x03','armstrong.marques@example.net'),(791,'Mrs. Audrey Hoeger Sr.','(140)749-7815x0','ardella.stiedemann@example.org'),(792,'Demond Frami','1-406-128-1711','aschroeder@example.net'),(793,'Prof. Glennie Jast I','412.150.2070x79','fernando35@example.org'),(794,'Rosalyn Herman','791.474.1175','bwilderman@example.net'),(795,'Noemy Schneider','502.014.0186x69','hegmann.stefanie@example.net'),(796,'Prof. Tillman Rohan V','1-696-937-4627','alaina.ritchie@example.org'),(797,'Vella Mueller I','982.630.7353','larue36@example.com'),(798,'Blair Champlin IV','980.297.0384','cartwright.juliet@example.org'),(799,'Ryley Jacobs','1-051-310-4055','schneider.braden@example.com'),(800,'Davonte Breitenberg','170-430-6186','schroeder.javon@example.org'),(801,'Helen Gislason PhD','+42(1)032502145','ova18@example.net'),(802,'Kaitlyn Metz','664.785.3160','mae27@example.net'),(803,'Kiarra Leuschke','1-664-120-0942x','jade96@example.net'),(804,'Herman Green DDS','102-694-4845','akohler@example.net'),(805,'Robb Zboncak','992-342-2592x05','chris11@example.net'),(806,'Wilfrid McCullough II','1-179-713-0504x','hunter74@example.com'),(807,'Vincenzo Fisher','08297953370','dickinson.isac@example.com'),(808,'Shakira O\'Connell','563.908.1071x53','patricia.aufderhar@example.com'),(809,'Verner Russel','038.624.7501x48','josiane.hegmann@example.net'),(810,'Cecile Dietrich','632.920.5769x61','stephen.parisian@example.com'),(811,'Collin Thiel','1-972-144-8679x','kprosacco@example.org'),(812,'Jeanie Bogisich','1-659-536-5699x','alfreda51@example.com'),(813,'Oran Rath','(984)714-1385x0','koelpin.wilfredo@example.org'),(814,'Jazmyne Nolan','290-631-1819x82','arthur.boyer@example.net'),(815,'Macie Medhurst','419-477-3541','dmurphy@example.org'),(816,'Prof. Jerrell O\'Conner','1-349-474-4437x','uo\'conner@example.net'),(817,'Emerald Hackett','(128)263-5444x2','aniya.haag@example.org'),(818,'Mrs. Trycia Bins','01488511377','carolyne.macejkovic@example.net'),(819,'Ike Lynch','006.209.8362','norwood26@example.org'),(820,'Willard Greenholt','959-007-0060x46','qkuphal@example.com'),(821,'Osbaldo Lakin','+94(7)359825404','ulemke@example.net'),(822,'Herta Dietrich','476.590.9110x28','anibal31@example.net'),(823,'Garrick Schultz','544.894.0240x78','aniya98@example.org'),(824,'Elise White','447-492-0845','kassulke.elnora@example.org'),(825,'Hermina Hudson','1-596-417-6031','johns.harvey@example.org'),(826,'Renee Heathcote','(245)756-6450x0','dschultz@example.org'),(827,'Odell Mitchell','+24(1)414396572','zdeckow@example.org'),(828,'Clarissa Davis','1-309-575-7279','marjolaine.stracke@example.com'),(829,'Mac Cassin','145-327-4061x51','shaina.fritsch@example.net'),(830,'Meggie Macejkovic','(337)232-5348x3','ernestina28@example.net'),(831,'Mr. Alexandro Cummerata','477-498-6984','vicenta96@example.com'),(832,'Kathryn Leuschke','829-676-5824','billie.emard@example.org'),(833,'Isabell Boyle','1-662-316-4850x','lchristiansen@example.net'),(834,'Destany Predovic','05038858136','acrooks@example.net'),(835,'Carmella Kessler','(265)009-0538','imani71@example.org'),(836,'Catalina Cremin','1-247-867-2657x','lottie96@example.com'),(837,'Miss Madie Lemke II','280-004-1193x51','louvenia.stehr@example.net'),(838,'Mrs. Nina Veum','007.563.7310','skyla49@example.org'),(839,'Tommie Cole','(025)084-6496x8','adolfo.dietrich@example.org'),(840,'Adella Feest Jr.','+77(0)925461570','wbechtelar@example.com'),(841,'Aliza Cummerata','893-176-9523x65','lehner.tamia@example.com'),(842,'Mrs. Taryn Grimes','(509)273-3925','ines.schoen@example.com'),(843,'Dr. Darrion Waelchi','784-144-8166','xhackett@example.net'),(844,'Elwin Goldner DVM','514-191-4452x59','devon.veum@example.org'),(845,'Kayley Jacobi','043-314-6720','lyric88@example.com'),(846,'Marguerite Hills','481.877.3508x91','xrippin@example.net'),(847,'Hulda Fadel DVM','(577)821-7808','brielle86@example.net'),(848,'Dr. Torrey Heaney III','738.921.1523','aracely.boehm@example.net'),(849,'Prof. Rozella Jerde','1-702-802-1591','willard.skiles@example.org'),(850,'Dr. Mozelle Heidenreich Jr.','951-063-5899','marisa26@example.net'),(851,'Fabian Yundt IV','(186)826-8577','lockman.petra@example.org'),(852,'Barry Koepp','930-869-5297','sunny.rosenbaum@example.org'),(853,'Dr. Taylor Buckridge DVM','532.390.8061x94','stokes.carson@example.com'),(854,'Adelbert Hessel','(343)192-1235x6','cmccullough@example.com'),(855,'Brett Gerlach','(036)156-6381','chadrick.kihn@example.org'),(856,'Yasmine Leuschke','398-394-9176','davis.karen@example.net'),(857,'Brennan Steuber II','150-993-7255x20','serenity.hessel@example.com'),(858,'Hanna Kohler','988-365-2960x87','samir.zemlak@example.org'),(859,'Miss Margie Little III','314-101-5408','ymoen@example.com'),(860,'Marlene Emmerich MD','1-524-125-9326x','marielle18@example.org'),(861,'Wilhelmine Glover I','014-092-8258x45','kennedi.windler@example.com'),(862,'Dr. Tatum Nader III','1-318-727-9270x','florian.dietrich@example.com'),(863,'Leon Kovacek IV','+95(1)943619882','pfeffer.aaron@example.org'),(864,'Leta O\'Conner','916.785.3760x81','dusty.jacobi@example.net'),(865,'Prof. Krystina Emmerich','963.957.1279x39','deron.erdman@example.net'),(866,'Dr. Jeramie Conroy','(542)789-8565x9','rebeca72@example.org'),(867,'Emilia Legros','(783)015-7143','oberbrunner.cayla@example.net'),(868,'Prof. Jeffry Hilpert IV','584.415.1559x80','fortiz@example.net'),(869,'Adolfo Jacobson','+95(7)311345919','hlueilwitz@example.org'),(870,'Wiley Senger','683-403-4031','parisian.alec@example.net'),(871,'Adrain Aufderhar','1-766-475-0014x','filomena96@example.net'),(872,'May Keebler','961-997-3094x34','bmarquardt@example.net'),(873,'Baylee Dibbert','(389)361-8064x9','jerel.ondricka@example.com'),(874,'Roberto Senger','(722)286-9764','smitham.davonte@example.com'),(875,'Samanta Upton','1-143-345-7723x','leonel.davis@example.net'),(876,'Brice Beahan','1-230-910-9258','sipes.susan@example.org'),(877,'Sammie Kulas','(318)973-4397','eklocko@example.org'),(878,'Phoebe Stark','1-429-643-1736','maybell.kovacek@example.org'),(879,'Granville Hoppe','719.471.0347','nwill@example.net'),(880,'Ron Green','721.342.4669x24','graham.ardith@example.com'),(881,'Mr. Ewald Kreiger III','566-338-5134x82','johan.ziemann@example.org'),(882,'Brianne Feest','08284725187','catherine.veum@example.org'),(883,'Columbus Wintheiser','(780)697-0625','lind.watson@example.com'),(884,'Miss Sister O\'Connell IV','595.382.0318','klein.callie@example.com'),(885,'Napoleon Turner PhD','1-462-032-6216x','darby.kuphal@example.net'),(886,'Bethany Reichel','517.490.1233x47','jeremie.konopelski@example.com'),(887,'Lois Tromp','1-624-657-1981','yvonne69@example.org'),(888,'Vincenza Hirthe Jr.','128.777.3013','huels.ruthie@example.net'),(889,'Gay Murray','491-328-5219','maximillia.keeling@example.net'),(890,'June Gerhold V','(222)709-0336','watson.mosciski@example.net'),(891,'Kyleigh Fadel IV','422-265-5682','kohler.nyasia@example.org'),(892,'Valerie Gutmann','098.728.9671x48','morar.linnea@example.net'),(893,'Lucy Boyle','(529)815-0148x7','tess.blanda@example.org'),(894,'Katarina Kulas','1-925-605-4442x','pacocha.molly@example.com'),(895,'Mr. Ethel Carroll MD','1-551-263-3334','okuneva.loyal@example.com'),(896,'Dr. Rudolph Mitchell','886-374-6577x99','jerde.percival@example.net'),(897,'Gloria Kutch','081-639-1576','jaunita.hills@example.com'),(898,'Santina Conroy','831.158.0020x36','myriam99@example.net'),(899,'Abe Schuster DDS','+89(4)442335359','nleffler@example.net'),(900,'Gaetano Paucek','121.176.3197','narmstrong@example.org'),(901,'Wilhelmine Rolfson','878-642-1070x79','cboehm@example.org'),(902,'Magnus Pfannerstill','269-128-1370','schneider.maida@example.com'),(903,'Jaclyn Ankunding','00555566032','garfield40@example.net'),(904,'Prof. Daryl Bode DVM','877.214.1535','lyla.raynor@example.com'),(905,'Tevin Waters','(421)968-3412x0','pfeffer.karine@example.org'),(906,'Miss Ardith Wyman PhD','449.991.2674','mauricio.botsford@example.org'),(907,'Prof. Enid Friesen Sr.','163-902-8806','rosella97@example.net'),(908,'Benton Nikolaus','(997)979-9842x0','carleton37@example.org'),(909,'Mallie Ratke','04385197080','domenick90@example.com'),(910,'Prof. Marlen McKenzie','1-399-120-0773','jesus.gibson@example.net'),(911,'Mrs. Sheila Miller','(682)504-1412x1','mathilde69@example.org'),(912,'Gay Gleason','1-564-327-9897','eturner@example.org'),(913,'Laney Yundt IV','+82(5)715622238','clara82@example.org'),(914,'Idell Thompson','+22(7)105648380','ida58@example.org'),(915,'Osbaldo Bode','1-034-734-4035x','qbaumbach@example.com'),(916,'Priscilla Collier','(704)565-8533x9','giovani.dibbert@example.net'),(917,'Princess Kuhic','(191)452-2049x5','macy.kunze@example.net'),(918,'Rhoda Marks','03951800141','ivory.mante@example.net'),(919,'Catherine Runte','526-420-0071','mable.waelchi@example.net'),(920,'Dr. Iliana Runolfsdottir','284.566.8175x31','nwilkinson@example.org'),(921,'Tyra Dach','08672362193','thaddeus.haley@example.net'),(922,'Ms. Mireya Haley','247-027-0308x16','becker.bennett@example.net'),(923,'Greg Becker','851-169-8437','river27@example.net'),(924,'Ferne Kessler','(521)340-8126','laurianne00@example.com'),(925,'Monique Wolff','872.975.7237x01','huels.palma@example.org'),(926,'Leon Nolan Jr.','978-508-9532x22','wpollich@example.org'),(927,'Prof. Roxane Trantow PhD','504-399-2850x54','csenger@example.com'),(928,'Miss Madonna Morar','587-575-9523x94','mozell.larkin@example.com'),(929,'Raleigh Feeney','(644)303-6089x6','skyla11@example.net'),(930,'Prof. Eleonore King MD','1-805-465-1204','lowe.brandyn@example.com'),(931,'Mr. Alvah Collins Jr.','1-397-376-8664x','schultz.caleigh@example.net'),(932,'Dr. Jaren O\'Kon','310.842.7811','schuyler77@example.com'),(933,'Krystina Crona','01739037845','clowe@example.net'),(934,'Adell Morar','250.591.4501x32','polly27@example.org'),(935,'Iva Windler','1-790-397-7048','gwendolyn23@example.net'),(936,'Mrs. Lorine Borer I','(079)135-0626','zemlak.madilyn@example.org'),(937,'Jaycee Konopelski MD','1-018-970-3467','kwitting@example.org'),(938,'Zena Leannon','279-396-8462x02','graham.bonnie@example.com'),(939,'Ryan Padberg','251.842.6794x77','bobbie.orn@example.org'),(940,'Precious Witting Sr.','802.921.5164','maia.daniel@example.org'),(941,'Kristofer Denesik','243-928-5594x74','sdeckow@example.net'),(942,'Fatima Hammes','436-012-7595x64','amya46@example.net'),(943,'Colt Stoltenberg','165-800-8533','zspinka@example.org'),(944,'Alberta Frami','+92(5)981110908','schaden.yvette@example.net'),(945,'Delia Mosciski DDS','1-870-036-3716x','frami.katharina@example.org'),(946,'Ella Muller','787-602-4326','vbraun@example.com'),(947,'Andres Beahan','+00(7)772642614','xcormier@example.com'),(948,'Ahmed Boyer','323-188-8636','rodrick.feeney@example.com'),(949,'Miss Nedra Dooley Jr.','(789)626-8229x6','konopelski.billie@example.org'),(950,'Camden Ratke','101.149.1193','abner.heathcote@example.com'),(951,'Prof. Shannon Zulauf II','260.433.4319x89','willow18@example.com'),(952,'Kelley O\'Connell','1-300-344-8260','roman78@example.org'),(953,'Domenico Rice','(281)783-6322','torp.angeline@example.net'),(954,'Dangelo Donnelly','994-109-6415','kirstin47@example.org'),(955,'Prof. Briana Fadel','485.064.3077','zpouros@example.com'),(956,'Lawrence Langosh','107.431.9881','ritchie.rhett@example.com'),(957,'Lacey Labadie Sr.','009.927.9363','cbednar@example.org'),(958,'Cordelia Ritchie','1-763-964-5329x','carrie60@example.com'),(959,'Dr. Rigoberto Cormier II','(674)532-3229x4','magali.olson@example.net'),(960,'Mr. Roscoe White','225-000-5594','favian.schoen@example.org'),(961,'Jasmin Spinka','07916916463','ghansen@example.net'),(962,'Theresia Jones','530-865-0093','eshanahan@example.net'),(963,'Dr. Weldon Jones','(328)110-4618x8','katheryn.larkin@example.com'),(964,'Alexandro Lehner','(246)583-7584x1','maeve.cremin@example.org'),(965,'Dr. Dalton Wunsch','+79(2)301322218','laurianne.zemlak@example.net'),(966,'Dr. Sanford Daniel','165-878-4735','morar.ella@example.net'),(967,'Tobin Weissnat','(798)114-7013x2','brandi89@example.org'),(968,'Isobel Champlin','1-314-413-8112x','angela48@example.com'),(969,'Kayla Runolfsson','1-234-270-3719x','wehner.hope@example.net'),(970,'Prof. Everette Gorczany','03963532117','rparisian@example.org'),(971,'Mrs. Rose Rath Sr.','1-258-424-3161','liliana.johnson@example.org'),(972,'Riley Lebsack MD','871.546.5742x66','reva.stiedemann@example.com'),(973,'Dr. Ryan Leffler V','1-508-080-8833x','ignacio.ziemann@example.com'),(974,'Alex Parker','1-797-028-1744x','mbuckridge@example.org'),(975,'Dr. Liana Flatley DDS','1-906-858-4040','isabel.swift@example.net'),(976,'Marty Greenholt','872.588.4445','qborer@example.net'),(977,'Robert Reilly','900.832.8186x22','ihowell@example.net'),(978,'Jermaine Douglas','888-073-3382x60','hermiston.fern@example.net'),(979,'Maybell Turcotte Jr.','(604)155-0659x4','haag.reynold@example.com'),(980,'Anjali Jaskolski','1-659-490-6211x','rmonahan@example.org'),(981,'Dr. Jude Howell','1-978-240-2229x','haylee39@example.org'),(982,'Dr. Buck Hansen II','(595)595-7036x8','estella.bechtelar@example.org'),(983,'Bridgette Abshire','(335)636-2595','kub.ara@example.org'),(984,'Prof. Abigale Muller','(334)039-0677x6','kub.polly@example.org'),(985,'Ms. Rosemarie Hand','988.456.7794x49','anna.langworth@example.net'),(986,'Dr. Christ Kuphal Sr.','05729839693','triston36@example.org'),(987,'Micah Kessler','338.636.0351','dooley.modesto@example.org'),(988,'Dr. Kennith Nader','(956)929-8000','zboncak.zora@example.com'),(989,'Prof. Adriel Mitchell','434.408.6760x61','treutel.ruben@example.com'),(990,'Eloy Block','128.139.6320x12','zulauf.jason@example.com'),(991,'Bernice Schamberger','(200)684-4250','catherine.wilderman@example.net'),(992,'Haylie Hagenes','671-697-3074x10','mueller.maude@example.org'),(993,'Anna Mosciski MD','647-706-9442','qmcclure@example.com'),(994,'Syble Schoen','1-276-779-8898','ismith@example.com'),(995,'Dorothea Jones','(086)567-6404x9','jesse.roberts@example.net'),(996,'Amos Volkman II','1-885-033-0982x','brown82@example.org'),(997,'Alayna Simonis','553-199-9787x24','valentin.abbott@example.com'),(998,'Eve Luettgen','602-708-5346x44','williamson.ariel@example.org'),(999,'Delpha Heidenreich','934.257.8128x81','garrison.sipes@example.org'),(1000,'Norwood Hartmann','1-878-169-8299x','qratke@example.org');
/*!40000 ALTER TABLE `contact_info` ENABLE KEYS */;
UNLOCK TABLES;

--
-- Table structure for table `customer`
--

DROP TABLE IF EXISTS `customer`;
/*!40101 SET @saved_cs_client     = @@character_set_client */;
/*!50503 SET character_set_client = utf8mb4 */;
CREATE TABLE `customer` (
  `id` int NOT NULL AUTO_INCREMENT,
  `contact_info_id` int NOT NULL,
  PRIMARY KEY (`id`),
  UNIQUE KEY `contact_info_id` (`contact_info_id`),
  CONSTRAINT `customer_ibfk_1` FOREIGN KEY (`contact_info_id`) REFERENCES `contact_info` (`id`)
) ENGINE=InnoDB AUTO_INCREMENT=501 DEFAULT CHARSET=utf8mb4 COLLATE=utf8mb4_0900_ai_ci;
/*!40101 SET character_set_client = @saved_cs_client */;

--
-- Dumping data for table `customer`
--

LOCK TABLES `customer` WRITE;
/*!40000 ALTER TABLE `customer` DISABLE KEYS */;
INSERT INTO `customer` VALUES (249,1),(358,2),(1,3),(160,4),(18,5),(234,6),(96,7),(93,8),(274,9),(488,10),(342,11),(427,12),(460,13),(10,14),(268,15),(73,16),(102,17),(111,18),(115,19),(136,20),(499,21),(392,22),(118,23),(335,24),(389,25),(215,26),(473,27),(366,28),(331,29),(148,30),(318,31),(91,32),(61,33),(142,34),(253,35),(221,36),(385,37),(302,38),(350,39),(208,40),(224,41),(316,42),(498,43),(43,44),(452,45),(269,46),(435,47),(173,48),(55,49),(139,50),(154,51),(425,52),(51,53),(54,54),(230,55),(369,56),(337,57),(241,58),(472,59),(254,60),(16,61),(15,62),(94,63),(192,64),(67,65),(411,66),(280,67),(24,68),(323,69),(284,70),(291,71),(276,72),(405,73),(59,74),(278,75),(344,76),(441,77),(252,78),(315,79),(113,80),(491,81),(239,82),(409,83),(227,84),(195,85),(81,86),(205,87),(322,88),(349,89),(217,90),(487,91),(203,92),(179,93),(165,94),(242,95),(370,96),(333,97),(90,98),(56,99),(324,100),(416,101),(295,102),(490,103),(119,104),(48,105),(13,106),(382,107),(210,108),(495,109),(151,110),(387,111),(184,112),(340,113),(451,114),(476,115),(33,116),(194,117),(459,118),(3,119),(77,120),(313,121),(196,122),(373,123),(251,124),(407,125),(433,126),(359,127),(255,128),(454,129),(272,130),(462,131),(437,132),(193,133),(124,134),(347,135),(157,136),(418,137),(82,138),(471,139),(353,140),(38,141),(492,142),(219,143),(376,144),(213,145),(19,146),(448,147),(309,148),(297,149),(395,150),(243,151),(72,152),(103,153),(117,154),(198,155),(172,156),(365,157),(270,158),(457,159),(430,160),(256,161),(400,162),(87,163),(167,164),(259,165),(277,166),(88,167),(271,168),(305,169),(63,170),(27,171),(29,172),(163,173),(22,174),(414,175),(449,176),(190,177),(351,178),(311,179),(285,180),(31,181),(446,182),(131,183),(106,184),(211,185),(189,186),(159,187),(58,188),(481,189),(463,190),(494,191),(368,192),(186,193),(469,194),(439,195),(168,196),(176,197),(185,198),(267,199),(11,200),(380,201),(152,202),(378,203),(362,204),(379,205),(45,206),(450,207),(348,208),(156,209),(98,210),(17,211),(188,212),(214,213),(120,214),(474,215),(384,216),(424,217),(401,218),(260,219),(21,220),(170,221),(232,222),(147,223),(398,224),(432,225),(419,226),(229,227),(84,228),(394,229),(431,230),(375,231),(307,232),(114,233),(126,234),(289,235),(177,236),(178,237),(4,238),(266,239),(40,240),(169,241),(71,242),(346,243),(175,244),(35,245),(65,246),(100,247),(420,248),(453,249),(312,250),(222,251),(191,252),(238,253),(107,254),(443,255),(92,256),(146,257),(303,258),(374,259),(220,260),(299,261),(53,262),(130,263),(70,264),(455,265),(381,266),(245,267),(442,268),(141,269),(155,270),(237,271),(164,272),(30,273),(338,274),(261,275),(204,276),(41,277),(79,278),(339,279),(226,280),(66,281),(101,282),(240,283),(465,284),(207,285),(341,286),(428,287),(231,288),(125,289),(444,290),(263,291),(393,292),(286,293),(325,294),(248,295),(235,296),(74,297),(244,298),(391,299),(399,300),(128,301),(109,302),(310,303),(153,304),(144,305),(161,306),(62,307),(363,308),(413,309),(480,310),(300,311),(6,312),(388,313),(257,314),(485,315),(332,316),(478,317),(23,318),(279,319),(200,320),(354,321),(475,322),(110,323),(445,324),(500,325),(105,326),(49,327),(329,328),(294,329),(334,330),(150,331),(28,332),(434,333),(25,334),(129,335),(258,336),(458,337),(417,338),(202,339),(108,340),(464,341),(174,342),(367,343),(182,344),(50,345),(89,346),(372,347),(403,348),(288,349),(371,350),(85,351),(415,352),(199,353),(12,354),(484,355),(57,356),(298,357),(355,358),(99,359),(317,360),(287,361),(145,362),(68,363),(319,364),(483,365),(46,366),(361,367),(162,368),(180,369),(402,370),(171,371),(132,372),(360,373),(228,374),(356,375),(9,376),(410,377),(64,378),(32,379),(343,380),(326,381),(345,382),(181,383),(265,384),(426,385),(304,386),(250,387),(34,388),(496,389),(282,390),(456,391),(20,392),(436,393),(137,394),(47,395),(37,396),(321,397),(5,398),(236,399),(218,400),(308,401),(97,402),(262,403),(301,404),(320,405),(264,406),(461,407),(197,408),(143,409),(290,410),(2,411),(383,412),(95,413),(116,414),(497,415),(406,416),(292,417),(330,418),(216,419),(470,420),(78,421),(60,422),(386,423),(246,424),(69,425),(104,426),(135,427),(225,428),(206,429),(493,430),(122,431),(273,432),(429,433),(158,434),(86,435),(489,436),(482,437),(121,438),(7,439),(166,440),(314,441),(293,442),(209,443),(187,444),(404,445),(75,446),(76,447),(26,448),(296,449),(408,450),(275,451),(479,452),(438,453),(83,454),(201,455),(39,456),(466,457),(336,458),(328,459),(306,460),(397,461),(247,462),(212,463),(447,464),(422,465),(223,466),(486,467),(183,468),(468,469),(233,470),(112,471),(14,472),(283,473),(36,474),(134,475),(357,476),(140,477),(127,478),(133,479),(149,480),(423,481),(467,482),(412,483),(52,484),(8,485),(440,486),(396,487),(390,488),(123,489),(42,490),(44,491),(377,492),(281,493),(80,494),(421,495),(327,496),(138,497),(364,498),(477,499),(352,500);
/*!40000 ALTER TABLE `customer` ENABLE KEYS */;
UNLOCK TABLES;

--
-- Table structure for table `feedback`
--

DROP TABLE IF EXISTS `feedback`;
/*!40101 SET @saved_cs_client     = @@character_set_client */;
/*!50503 SET character_set_client = utf8mb4 */;
CREATE TABLE `feedback` (
  `id` int NOT NULL AUTO_INCREMENT,
  `rating` enum('1','2','3','4','5') NOT NULL,
  `comments` text,
  `customer_id` int NOT NULL,
  `agent_id` int NOT NULL,
  PRIMARY KEY (`id`),
  KEY `customer_id` (`customer_id`),
  KEY `agent_id` (`agent_id`),
  CONSTRAINT `feedback_ibfk_1` FOREIGN KEY (`customer_id`) REFERENCES `customer` (`id`),
  CONSTRAINT `feedback_ibfk_2` FOREIGN KEY (`agent_id`) REFERENCES `agent` (`id`)
) ENGINE=InnoDB AUTO_INCREMENT=301 DEFAULT CHARSET=utf8mb4 COLLATE=utf8mb4_0900_ai_ci;
/*!40101 SET character_set_client = @saved_cs_client */;

--
-- Dumping data for table `feedback`
--

LOCK TABLES `feedback` WRITE;
/*!40000 ALTER TABLE `feedback` DISABLE KEYS */;
INSERT INTO `feedback` VALUES (1,'2','Doloremque nihil deserunt enim eos tempore a atque. Dolores porro debitis vel nulla illo aut magnam. Odit minus ea fugiat odit illum est. Quo est eius rerum est deleniti.',383,69),(2,'3','',387,35),(3,'5','',371,83),(4,'1','',408,52),(5,'3','Culpa culpa voluptatum id enim pariatur aspernatur. Omnis ducimus ut rerum magni. Quibusdam aperiam accusamus non nihil voluptas consequatur in. Ipsam ad provident aut et fugit voluptate.',78,62),(6,'4','',149,81),(7,'5','',483,27),(8,'3','',54,38),(9,'1','Dolorem perspiciatis optio et pariatur eum recusandae. Quo eaque sint sapiente soluta dolor.',500,23),(10,'5','',115,65),(11,'4','',489,51),(12,'5','',53,12),(13,'2','',163,25),(14,'1','Culpa ut unde ut nulla eum. Similique consequuntur quaerat adipisci hic odit. Id dicta sit dolores tempore. Culpa exercitationem dolor sequi unde sunt ratione.',61,64),(15,'2','Corrupti nesciunt architecto ea ut dolorum. Magni cum asperiores ut dolor eum sint assumenda ut. Vel error qui veniam id eius. Et itaque accusantium aut voluptatibus quia praesentium et veniam.',307,72),(16,'2','',149,38),(17,'2','Perferendis est officiis quo consectetur unde quia fugit. Dolorem explicabo molestiae quidem est qui est. Beatae vitae eaque quis velit commodi. Pariatur enim officiis numquam magni voluptatum et.',206,57),(18,'2','Dolores corporis officia ut. Numquam ipsam et ut dolorum. Placeat placeat eveniet in.',278,21),(19,'3','',128,63),(20,'5','Eos occaecati beatae sequi debitis. Inventore temporibus consequatur corporis eius.',129,38),(21,'3','Dolorem corrupti earum repellat quia. Dolorem a nemo unde est totam veniam quis. Reprehenderit enim ut voluptatibus ratione.',458,3),(22,'2','Voluptas consectetur quo odio reprehenderit. Rem praesentium odio sed velit omnis. Facere eum exercitationem odio soluta aliquam.',67,7),(23,'2','Similique sit error architecto nemo. Et nostrum a accusamus.\nCorporis dolores harum adipisci nostrum ut architecto. Quis voluptatibus libero sequi. Aut qui fugit aspernatur qui voluptatem qui quo.',309,64),(24,'1','',177,75),(25,'5','',34,40),(26,'1','Amet aspernatur quo voluptatem aut. Quos eius hic expedita qui eos. Sed id consequatur nemo mollitia.',281,10),(27,'1','',429,44),(28,'1','',119,28),(29,'3','Ipsam earum aut enim sequi molestiae quasi. Ea consequatur dolor laborum officia molestias omnis consequatur et. Qui blanditiis non non ipsam.',324,17),(30,'4','Magnam rerum sequi repudiandae doloremque. Fuga repellendus sed ut error facere. Non voluptatem dolorem voluptas vero.',492,46),(31,'4','Earum harum ut laborum vero quaerat non omnis cum. Laboriosam dolorem placeat et eos labore autem. Adipisci eveniet voluptatibus laboriosam velit error voluptatum.',357,66),(32,'1','',273,47),(33,'3','',145,48),(34,'3','Nostrum debitis aut et. Voluptatibus aut velit beatae in. Cum voluptatibus porro assumenda quo numquam consequatur praesentium. Ut consectetur in dolor magni optio aut et sapiente.',67,77),(35,'1','Illo qui et est sunt quasi provident consectetur hic. Quia dicta quod enim veniam id sint debitis.',168,80),(36,'4','',433,58),(37,'5','Autem eum distinctio in. Dicta dolor possimus accusantium. Quia nesciunt ea et voluptas. Ut quis laborum velit qui repellat ad. Et omnis quasi ducimus sed inventore molestias.',389,78),(38,'2','Nihil aut id aut nisi optio qui ab sint. Fugit et esse totam error. Optio doloribus eos consequatur architecto maiores. Omnis sit autem voluptatem qui ut id laudantium.',227,53),(39,'2','Quo laudantium possimus explicabo enim enim dolor ullam. Provident doloribus dolor voluptatem aut assumenda fuga cupiditate magnam. Expedita placeat ratione est delectus molestias porro vel.',467,35),(40,'2','Amet tempore et praesentium incidunt voluptas illum quaerat. Optio animi molestiae rerum qui. Iste placeat omnis saepe reiciendis cum est eveniet.',54,56),(41,'5','Ut temporibus minus sequi dicta aut. Exercitationem facilis placeat ipsam magni aut non. Et doloribus sunt consequatur accusantium aut. Perspiciatis nam quia et.',106,75),(42,'2','Suscipit nam harum error consectetur eveniet. Id odio nisi itaque ut quia autem. Praesentium necessitatibus sapiente ipsam magni omnis qui.',468,75),(43,'5','',287,80),(44,'5','Et rerum omnis impedit sint. Velit ut totam commodi laudantium. Sunt earum magnam eos odio dolores consectetur rerum. Quia aliquam ea voluptas ipsa.',500,1),(45,'4','Rerum voluptatibus sunt ducimus sapiente vel distinctio. Quaerat libero accusamus autem asperiores sunt ducimus tempore. Harum sit id rerum enim impedit.',480,6),(46,'1','',378,4),(47,'5','',111,10),(48,'5','',435,69),(49,'1','',364,41),(50,'4','',167,50),(51,'1','',11,82),(52,'3','',44,80),(53,'4','',21,28),(54,'2','Eius molestias ipsam in in ut quod. Quas quod quaerat corporis optio fuga enim minima.',287,1),(55,'2','Eligendi aut ducimus minima veniam itaque voluptatem voluptatibus. Sed vel doloremque aut asperiores animi. Commodi error atque ex distinctio ratione aperiam laudantium.',197,36),(56,'5','Autem velit ut cupiditate quibusdam. Consectetur deserunt harum molestias aut qui enim porro. Ut tempora quam commodi in et.',143,68),(57,'3','Delectus dolorum omnis eaque fugit sed soluta repellendus. Similique quo velit nesciunt saepe dolores necessitatibus aut. Quibusdam distinctio mollitia ut fugit repellendus magnam accusantium.',351,71),(58,'1','Ex qui quia hic qui. Culpa suscipit debitis at recusandae. Eveniet distinctio ut sit ut.',354,32),(59,'5','',242,57),(60,'4','Et dignissimos itaque ut veritatis illo. Officiis voluptatum et reiciendis aliquid magnam. Eum officia illum qui et id aut id a.',483,48),(61,'4','',331,62),(62,'3','Omnis quis velit est quibusdam eos placeat. Deserunt facere illum nihil. Et id consequatur officia voluptas. Dolorem aut labore et consequuntur. Rerum et rerum voluptatem quasi aliquam.',173,25),(63,'5','Officiis dignissimos aut minus commodi et animi laudantium. Nam inventore harum architecto doloremque corporis eius ratione. Non consequatur magni nulla minus.',274,4),(64,'2','',404,38),(65,'4','',330,27),(66,'2','Delectus nisi reprehenderit tenetur. Consequatur quam dolorem qui quo molestiae. Laborum non numquam magnam quod voluptatibus voluptas. Et laborum ducimus molestiae.',327,19),(67,'2','Dolorem eaque sint qui perspiciatis ratione ut. Perspiciatis qui officia accusamus cupiditate tempore dolor. Ducimus ea sint qui natus est. Numquam nisi et voluptas cum accusamus.',139,41),(68,'2','',43,83),(69,'5','Nihil et beatae asperiores quia. Omnis aut minus est non. Sint porro est iste dignissimos sint est alias.\nIpsum repellendus dignissimos quas est deleniti. Et fuga recusandae iste voluptatem.',120,58),(70,'4','',251,34),(71,'3','',246,71),(72,'5','Et ex vel itaque minima. Sit illum recusandae repellendus quis sequi. Expedita rem harum impedit quod. Facilis exercitationem iste recusandae ipsa.',184,33),(73,'3','Ducimus magni ut nemo maxime et blanditiis. Laborum delectus blanditiis cumque ut. Cum ut dolorem illum aut aperiam ea.',481,8),(74,'5','Quos ut vel commodi. Magnam similique consequatur reprehenderit. Voluptate at id quasi sed. Qui quo rem consequuntur optio officiis quisquam.',314,58),(75,'4','Dolor voluptatibus officia cupiditate quo dolore. Deserunt aut repellat quaerat. Sit nihil deleniti voluptas architecto.',383,12),(76,'1','',337,59),(77,'2','Repellat odit eligendi accusamus ea impedit. Necessitatibus architecto ipsum sequi natus numquam consequuntur. Nisi odio odit voluptatibus voluptas ut. Corrupti dolorum numquam vitae.',272,67),(78,'5','Qui ea dolor quidem aliquid. Totam facilis pariatur autem qui dolorum beatae. Illum est libero sed et quas veritatis cum adipisci. Sed laborum illo iure dolorum qui est voluptatem.',473,28),(79,'3','Id amet quia dolor. Expedita est illo non dolores cupiditate voluptatem et doloribus. Quod possimus maxime voluptatem et repellat delectus.',235,7),(80,'1','',186,37),(81,'3','Velit assumenda nihil unde. Aut consequatur minima repellat doloribus qui aliquid velit ea. Molestiae et eligendi voluptas molestiae labore sit.',165,47),(82,'4','Sed magnam voluptatibus ipsa qui rerum. Ut in facilis non quaerat id ipsa voluptatem. Perferendis id eius optio alias. Fugit quod et libero.',220,38),(83,'4','',291,35),(84,'5','',154,20),(85,'1','Quia commodi ratione quos eius ut fuga. Aut dolorem doloribus fugiat pariatur. Nam ipsam ipsum nam sint distinctio inventore.',245,74),(86,'4','',399,36),(87,'4','Unde ut ut ab eum qui eveniet ab. Corporis pariatur quod nam sed et autem est tenetur. Vitae excepturi enim ullam aliquid libero omnis sit. Aut esse et error perferendis dolores.',78,61),(88,'4','',393,58),(89,'4','Quis velit a omnis autem autem. Nulla et rerum rerum quaerat. Aliquam pariatur optio nostrum illum sapiente.',8,67),(90,'5','',126,5),(91,'1','',168,59),(92,'5','',172,80),(93,'4','Sapiente quis autem et blanditiis deserunt eligendi voluptatibus. Et et quis quaerat ut sit. Est molestias accusamus natus atque rem placeat consequatur. Omnis excepturi atque odit.',360,57),(94,'3','Nulla rerum odio numquam. Fugiat odit et voluptates labore. Asperiores tempora natus voluptate blanditiis tenetur rem quia voluptatem. Eligendi suscipit dolores quibusdam doloribus aliquid.',480,78),(95,'2','',32,30),(96,'3','Et deleniti ut vitae ipsam tempora voluptatum sit. Exercitationem nesciunt est amet sit recusandae. Et et labore autem quis quam dolore odit facilis. Est tempora ducimus a alias.',476,43),(97,'5','',418,14),(98,'3','',192,4),(99,'4','Dolore tempore adipisci velit incidunt iusto dolor cupiditate. Porro quam velit sed qui expedita itaque. Aspernatur est quos eos nihil occaecati. Commodi maxime natus odit eligendi sed recusandae.',426,7),(100,'4','Ut provident ex vero et incidunt. Autem iste sit architecto qui sequi. Neque impedit voluptates vel eaque.',285,84),(101,'1','',228,2),(102,'3','Quia nisi illum consequatur. Autem qui dolorem dolor. Ea unde et doloremque nam magnam sint porro.',91,85),(103,'1','Magnam cum et libero ipsa aliquam at exercitationem. In excepturi molestiae non voluptatem. Distinctio dolorum earum nobis et vel temporibus ut. Corporis vero facilis recusandae.',43,75),(104,'4','',72,41),(105,'4','Molestias exercitationem magni itaque qui accusantium qui blanditiis. Amet non est odit nulla enim. Est accusantium aut adipisci aut molestiae.',245,59),(106,'4','In similique qui molestiae. Aut et quam veritatis. Sed quia rem qui. Mollitia dolores sunt aspernatur enim facere eligendi sequi.',43,27),(107,'1','',268,84),(108,'2','',209,58),(109,'4','Minima itaque commodi et voluptatem est. Rem omnis accusamus voluptatem ut soluta deleniti et. Consequatur aut culpa corrupti magnam.',48,67),(110,'5','Nulla esse cumque id voluptas ullam. Adipisci qui ad necessitatibus dolor ipsum porro quaerat officia. Facilis exercitationem qui magnam et.',58,63),(111,'4','',131,68),(112,'1','Qui omnis aspernatur nulla fuga tenetur dolores est. Ex quia iure iste voluptate aperiam error aperiam animi. Veritatis aspernatur error et.',93,47),(113,'1','Quidem debitis facilis id adipisci sed sunt. Dignissimos consequatur recusandae cum dolore. Sunt soluta sed assumenda qui. Vitae fuga distinctio quia repellendus.',412,39),(114,'3','Aut iusto dolores aut. Dolor animi voluptas voluptatum nihil. Repellat earum id praesentium dolore aperiam est sit.',249,56),(115,'5','',222,59),(116,'4','',442,37),(117,'2','',206,37),(118,'5','Voluptas ab qui labore totam. Voluptatum minus et sed a ad qui voluptatem dolores. Quo ad non voluptatem id.',132,76),(119,'5','',254,29),(120,'1','Quia molestiae error consequuntur temporibus non suscipit molestiae. Numquam rem explicabo optio alias. Et repellendus fuga nam laboriosam tenetur animi.',388,76),(121,'4','Commodi dolore nam velit id consectetur. Corrupti dolorem et voluptatem doloribus voluptates commodi quasi. Tempore officia aut et sunt.',238,74),(122,'4','Aliquam sequi ex repellat et. Et delectus et facere illum minus recusandae repellendus. Vel commodi neque non vel ipsum velit. Occaecati illo totam nulla.',181,52),(123,'5','',399,15),(124,'2','',460,26),(125,'5','',303,52),(126,'1','',6,23),(127,'2','',199,13),(128,'3','',102,46),(129,'3','Ab saepe explicabo modi est quis quam. Molestias libero doloremque tempora recusandae autem officia error. Molestiae consequatur nemo nihil eos. Aut veritatis quas quia sequi amet pariatur.',260,10),(130,'5','Magnam accusamus molestiae ea adipisci. Quisquam voluptatem laboriosam in quibusdam. Tempora suscipit molestias facere qui. Culpa odit magni sed ipsum non id. Natus enim veniam deserunt molestiae.',439,78),(131,'5','',377,77),(132,'2','',461,19),(133,'3','',342,76),(134,'2','',20,69),(135,'2','',32,4),(136,'1','',107,45),(137,'3','Aut ut odio pariatur iste ea. Dignissimos illum eveniet minima esse. Quas eum rem eos nihil voluptas consequatur qui. Adipisci non nihil perferendis molestiae quo.',24,73),(138,'3','',85,46),(139,'2','',188,78),(140,'2','Est voluptatum sequi cumque soluta cum recusandae. Enim omnis et dolor modi voluptatem inventore exercitationem ut. Omnis tenetur architecto maiores.',255,2),(141,'3','',246,48),(142,'1','Eius consequatur et eum sunt ut. Omnis laborum velit rerum voluptate perferendis et consequatur. Totam omnis nihil ipsam praesentium quae dolorem.',22,8),(143,'5','',180,34),(144,'1','Non ullam qui aut aliquam. Sit sed omnis in nihil et et aperiam eos. Odio et voluptas voluptatibus iusto quis.',87,75),(145,'2','Eveniet natus hic odio id placeat non. Impedit corporis error beatae natus et. Saepe in eligendi quis nostrum consequatur.',432,56),(146,'1','',69,77),(147,'2','Omnis ut a nostrum natus distinctio praesentium quidem. Accusantium ducimus laboriosam porro. Nobis enim molestiae quibusdam esse laborum similique. Aut nemo voluptas libero architecto.',445,36),(148,'5','',489,12),(149,'1','',84,34),(150,'2','',446,9),(151,'4','',25,7),(152,'5','Accusamus dignissimos eveniet repellat atque. Molestiae pariatur expedita omnis ad dolor. Velit eligendi facilis quas adipisci possimus quis.',263,65),(153,'2','Aut ratione sit et doloremque repudiandae in. Quia similique esse tempora neque id sit dolor. Id error sit eaque debitis praesentium blanditiis maxime. Commodi et et perspiciatis aliquid quos.',314,42),(154,'5','Et qui est distinctio voluptas earum rem recusandae provident. In fugiat reiciendis ea ut earum ut at. Et fugiat est et ut enim.',176,58),(155,'5','Iusto sit ad tempore qui. Inventore esse dolore culpa eligendi aut nostrum minus. Animi voluptates voluptatem eius tempore aut ea exercitationem. Sed ut rerum odio id esse quis voluptas.',304,7),(156,'2','',21,81),(157,'3','Minus et et natus distinctio accusantium sequi. Dolorem debitis necessitatibus at in qui sed in voluptatem.',451,27),(158,'1','Et voluptas rem et corrupti dolor fugit distinctio. Voluptatem ratione dolorum facere ipsam. Id eos facere nam pariatur consequatur porro. Qui quis qui minus assumenda.',215,4),(159,'3','Nisi quas consectetur iste repellat facere. Earum perspiciatis sit animi natus.',8,74),(160,'2','Aut voluptatem omnis provident reprehenderit veniam iure. Ea iure ea fugit qui magnam. Sit fugiat inventore facilis atque qui earum.',389,80),(161,'3','Perspiciatis error et quisquam distinctio accusamus ad delectus. Debitis ex sapiente aut ex itaque et ea.',468,80),(162,'2','',234,42),(163,'5','',116,16),(164,'4','',38,65),(165,'2','Possimus sit ipsum earum occaecati iusto ratione. Ut modi nesciunt nam aut rem. Ducimus et culpa quo fuga quisquam.',325,67),(166,'1','',40,37),(167,'3','',223,65),(168,'1','Voluptatem facilis sequi et sed beatae repudiandae omnis non. Et expedita consequatur nesciunt dolores ducimus. Saepe optio pariatur odio beatae.',311,62),(169,'3','Debitis quod omnis incidunt atque. Est nulla aliquam ratione corrupti.',321,48),(170,'4','',314,51),(171,'3','',280,3),(172,'5','',60,43),(173,'2','Magni non sit unde laboriosam dolore et in sed. Qui ut non consequatur libero quo eum. Pariatur eaque dolorum repudiandae et modi dolorum qui ut. Suscipit voluptatem iusto reiciendis ut.',154,8),(174,'5','Quas eos similique in velit non. Quo praesentium dolorem sit non quia distinctio. Distinctio molestiae et laudantium rerum nobis.',342,80),(175,'2','',379,12),(176,'5','',398,55),(177,'1','Omnis veniam voluptate consequuntur debitis veritatis. Alias possimus animi consectetur cum sit quam. Amet laborum non nulla eum quas nihil rem.',389,9),(178,'5','',478,45),(179,'1','Repellat alias dolorem adipisci sed. Eum praesentium a sit laborum accusamus et laboriosam. Explicabo doloremque a possimus. Possimus in tenetur praesentium amet laborum voluptates.',36,56),(180,'2','Veritatis aperiam voluptas beatae ullam ipsum. Qui tenetur fugiat tempore itaque sit minima. Illum ipsa ut aut qui.',446,43),(181,'5','',143,14),(182,'3','',66,36),(183,'2','Sequi atque non facilis reprehenderit consequatur. Rerum pariatur incidunt a modi. Unde illo culpa tempora.',295,25),(184,'2','',395,58),(185,'3','',92,83),(186,'2','Accusantium consequatur ut est illo et quia. Omnis animi est dolor nihil et. Ex ad ducimus ipsa dolor labore voluptatibus sed nihil.',401,27),(187,'2','Enim laboriosam ut laudantium recusandae excepturi. Adipisci ducimus ut voluptate dignissimos. Corrupti soluta amet molestiae quia. Porro libero ut eligendi ut dolorum voluptatum sed.',173,73),(188,'3','Nam earum modi vel quos dolorum. Doloribus aut at unde sunt quos. Consequatur et blanditiis est quis vel laborum animi mollitia. Temporibus totam quia reprehenderit labore quam vitae.',348,52),(189,'4','',112,12),(190,'2','',194,26),(191,'3','Eos ea dolores et non fugiat. Nulla consequatur expedita ipsum recusandae reiciendis. Soluta et officiis nulla ea odio voluptates ea tenetur.',426,9),(192,'2','Aut qui aperiam et optio. Iure voluptatibus sit id earum non. Quaerat reiciendis qui quidem doloremque odio. Vel cupiditate voluptate maiores aut natus magnam et.',494,55),(193,'2','Unde voluptatem tempora mollitia cumque beatae rerum ut. Totam quia odit est. Doloribus id ut et.',70,20),(194,'2','',282,80),(195,'2','',83,24),(196,'2','Atque facilis nesciunt hic et a placeat. Quas placeat sit aut quis. Voluptatem nemo adipisci numquam eveniet et labore porro.\nUt velit aut cupiditate et. Sint tempora magnam officia quia a.',452,62),(197,'4','Odit quia velit velit nesciunt. Ut ipsum aliquam eius voluptatum consequatur voluptas. A sint et temporibus magni nemo.\nTotam qui pariatur ut. Atque et quas quae est.',373,47),(198,'1','Doloribus aspernatur enim perferendis quis. Autem velit autem aut alias atque voluptatem. Dicta molestiae minima repudiandae eligendi. Et iusto iure sit maiores qui voluptates molestiae facere.',433,6),(199,'2','Non sapiente adipisci adipisci debitis. Eos debitis ut aut aliquam consequatur iste est. Labore porro quo laboriosam dolorem quaerat omnis harum.',177,82),(200,'1','',497,50),(201,'4','',490,35),(202,'1','',266,81),(203,'3','Sed nobis laboriosam in sunt rerum velit doloribus. Voluptas sit non iste enim atque. Et expedita possimus labore sed maxime.',300,7),(204,'1','',122,55),(205,'3','Possimus et eum vitae neque vel id. Quis incidunt rerum optio quam quaerat earum ad vel. Laborum facere totam dignissimos qui aut.',46,27),(206,'3','Nihil officiis et voluptatum reiciendis repellat rerum qui. Est vel iusto dolor. Consequuntur velit libero quia saepe id sunt omnis. Praesentium vitae esse repellat.',178,44),(207,'5','Sunt esse sint aut et. Hic molestias porro in non non eveniet cupiditate. Et officia labore perferendis et sit fugit. Sint in aliquam dolor voluptatibus sit.',290,32),(208,'5','',152,51),(209,'5','',500,3),(210,'4','',272,36),(211,'5','Et sunt dolorem et quia impedit magni. Accusantium est corporis vero recusandae expedita enim facere rem. Enim neque enim aliquid. Velit voluptatem qui aspernatur sequi ut.',59,20),(212,'4','Quae et odio doloribus fugiat quae. Sunt incidunt ipsam consectetur nihil hic. Ex fuga est ratione sed porro qui veritatis. Incidunt inventore voluptas qui.',490,64),(213,'2','',164,61),(214,'1','',324,5),(215,'2','Commodi corrupti in qui quibusdam. Eaque quasi totam aut repellendus dolore vero. Ut et excepturi sint iusto commodi laboriosam autem. Et soluta ipsam blanditiis sequi quam porro odio cumque.',162,50),(216,'1','Corporis culpa dicta excepturi architecto. Aut ad cupiditate qui asperiores facere. Occaecati dolorum aliquam quam qui.',337,32),(217,'1','',101,55),(218,'3','',494,29),(219,'5','',76,56),(220,'2','',104,1),(221,'2','Corporis error voluptatibus et reprehenderit totam ullam eaque. Suscipit consectetur aut facere voluptates autem at quidem dicta. Totam soluta consequatur dolore sed ab modi voluptas.',361,77),(222,'1','',43,2),(223,'3','Dolore beatae dolores deserunt voluptas corrupti eveniet esse. Natus aut et rerum tempore sit dolor rem. Nihil est non qui laborum.',93,22),(224,'2','Et ipsa delectus voluptas recusandae eum reiciendis est. Enim sit deleniti sapiente porro eum asperiores. Libero a unde totam sit.',56,62),(225,'5','Aut necessitatibus autem enim odio id. Sit ratione et iusto libero aliquid voluptates. Ut nisi asperiores blanditiis eius quidem sunt et.',481,76),(226,'3','Tempora ab qui alias sed ipsum dolore. Nihil debitis reprehenderit voluptas eum ducimus amet. Ut ut aut quis laborum.',286,3),(227,'5','Pariatur incidunt sapiente eligendi eum assumenda vero. Et eveniet ratione nulla architecto eos cupiditate id. Natus totam modi odit laborum.',150,9),(228,'5','Perspiciatis nesciunt minima eligendi minus amet aperiam expedita quis. Voluptas quae occaecati incidunt quos aspernatur atque. Quasi ipsum omnis ut.',123,41),(229,'2','Dignissimos natus qui perferendis quod ut assumenda. Natus labore quia minima adipisci animi. Non et qui excepturi sed omnis mollitia dolores.',339,29),(230,'1','Eveniet et quisquam commodi vel aspernatur vel hic quam. Sit tempore eligendi sed mollitia quam voluptatem. Optio quidem veniam voluptas odit sit. Omnis culpa est harum corporis ut animi.',406,55),(231,'1','Fugit aut et quas corporis in incidunt aut. Rem alias voluptatem commodi et et. Laborum temporibus omnis quod quae expedita dolorem. Voluptatum voluptatum accusantium alias sint inventore.',142,60),(232,'4','',265,44),(233,'1','Aut omnis iure ratione et culpa sunt aspernatur. Quasi sint aut et nisi sit. Ut repellat quia molestiae commodi.',264,30),(234,'3','',26,8),(235,'5','',275,4),(236,'5','',103,66),(237,'2','Et qui qui laudantium autem. Repellendus eos ut harum suscipit ab. Fuga totam voluptate illo dolor.',454,48),(238,'1','',83,16),(239,'1','',499,33),(240,'2','Excepturi vero quas aliquam incidunt quo. Ut excepturi saepe accusantium unde iure libero quia ea. Dolorem sed neque maxime minus placeat.',302,68),(241,'4','',240,15),(242,'1','Est nulla sed quos quas quas repellat quia. Et et hic tenetur nulla. Est omnis recusandae sint delectus. Totam sint quasi recusandae est veritatis. Cum distinctio nobis eum corrupti.',438,80),(243,'3','',95,76),(244,'4','Voluptas similique accusantium dignissimos et asperiores ullam id. Et maxime provident ipsa voluptatem ipsa velit mollitia deleniti.',272,85),(245,'1','',293,3),(246,'3','Vero consequatur voluptates non numquam odio omnis. Consequatur tenetur rerum omnis voluptas nihil deserunt. Consequatur voluptas eum cupiditate nostrum sint consequuntur.',19,3),(247,'1','Et soluta sapiente voluptas. Sit expedita doloremque veniam ullam quia. Accusamus cum occaecati odit blanditiis in aliquid.',245,7),(248,'2','',127,59),(249,'3','Consequuntur recusandae beatae aut. Itaque officiis id necessitatibus neque. Voluptas omnis repellat amet minima tempore sunt illum. Tempore ut beatae eligendi sapiente cumque eius deserunt laborum.',78,46),(250,'4','',321,22),(251,'5','',383,3),(252,'2','Et ratione neque incidunt enim ipsum et possimus. Similique aliquam et dolores nobis eum rerum fugit. Asperiores ut et quia non nobis qui sed.',85,60),(253,'4','Dolores id dolor architecto est qui sint. Dolor et asperiores voluptatum. Ea qui maxime sed voluptatem soluta alias.',88,38),(254,'4','',89,10),(255,'2','Est vel quas quos impedit assumenda aut. Non quod illum veniam explicabo. Saepe et aut voluptate omnis. Reprehenderit quis totam porro cum expedita sed.',86,42),(256,'2','',138,41),(257,'5','Enim perspiciatis ut laboriosam quia quis. Doloribus laboriosam iure numquam similique ab voluptatem et. Veniam magnam occaecati libero sequi ea. Soluta laboriosam beatae eum ut perferendis et.',170,40),(258,'3','',71,47),(259,'4','Quisquam aspernatur animi atque consectetur eligendi consequatur. Dolorem amet et sint alias eum est quasi.',309,73),(260,'4','',188,66),(261,'1','Quis earum eligendi et quis doloremque est dolores. Consequuntur nobis tenetur tenetur aut ipsam sed. Laborum repellat blanditiis totam tempora consectetur.',475,20),(262,'5','Itaque dolorum illum eius qui inventore dolores fuga ut. Ut aut rerum quod amet.',239,34),(263,'2','Reprehenderit est molestias aut vitae est itaque. Mollitia qui minus quibusdam et minus.',287,10),(264,'5','Qui voluptates et iure molestias impedit dolorum. Alias nobis impedit tenetur enim nostrum ea. Non debitis aliquid est et. Soluta cupiditate hic numquam. Unde atque aut placeat est et et.',85,12),(265,'4','',93,78),(266,'5','Cupiditate atque repellat modi a. Laboriosam inventore odit vel natus porro necessitatibus excepturi reprehenderit. Dolores quo quo ut mollitia ratione. Dolor a corrupti perferendis quos esse.',99,82),(267,'5','Aliquam dolores aliquid nobis mollitia deleniti rerum. Facere autem dolor sequi recusandae incidunt omnis totam. Minima est et illo nemo et quam est nihil.',488,47),(268,'3','Eius error earum aut velit. Sint qui commodi sit est. Impedit non aliquam aliquam sed nulla velit libero.',177,36),(269,'1','Sequi tempore voluptatem quis odio maxime. Itaque ad necessitatibus id doloribus numquam aut animi voluptatibus. Voluptas dignissimos at eos sequi dolor ratione ut ut.',323,33),(270,'1','Natus debitis inventore aut eaque aliquam non ut. Architecto minima rerum in maxime. Occaecati aut aut dicta et rem dolor ex. Sunt cum voluptatem cumque deleniti quaerat veritatis ea.',108,70),(271,'1','Architecto dolor possimus aut ducimus omnis et. Nihil qui delectus eius laudantium soluta a soluta eos. Soluta rerum praesentium modi reprehenderit. Qui id qui magnam non ut.',258,80),(272,'5','',110,28),(273,'4','',433,80),(274,'1','Distinctio esse quam cum omnis. Dolores tempore sed sit. Neque eum neque veniam id natus.\nAnimi quia id quia ut. Corporis vero non adipisci modi reprehenderit.',67,2),(275,'5','Dolor vitae autem laboriosam quis non. Culpa cumque nobis deserunt quaerat eius amet. Enim blanditiis adipisci voluptatum voluptas. Nihil perspiciatis doloribus optio consequatur facilis.',20,70),(276,'2','Ab modi quasi quis quis sint ut quidem. Facilis magni asperiores amet placeat libero et est. Ullam nihil commodi atque esse aut commodi. Perspiciatis iure expedita repellat molestiae.',466,22),(277,'2','Voluptatibus fugit minus cum occaecati cum optio. Magnam necessitatibus quisquam asperiores porro amet enim quae sed. Voluptas qui autem aut.',495,15),(278,'1','Omnis natus alias et et odio. Et ipsum excepturi et sed ducimus mollitia eos.',168,58),(279,'4','Ratione aliquam expedita veniam distinctio quisquam qui nulla numquam. Non quia odit et asperiores. Deserunt at quos maiores quia est unde tenetur id.',204,53),(280,'1','',456,60),(281,'2','Neque et laboriosam hic assumenda magnam id. Est rerum quia itaque cupiditate id voluptatem. Voluptas magnam quia beatae quos veniam.',181,80),(282,'1','Dolorem et assumenda assumenda. Quidem minus sit cumque. Possimus dolor saepe aliquid optio qui ut at. Omnis dolorem quia laborum inventore.',499,4),(283,'4','',363,33),(284,'5','',492,32),(285,'4','Voluptatem accusamus quia sed sint excepturi ut. Harum cum eligendi voluptas molestias qui libero officiis quibusdam. Enim omnis magni est esse in.',277,31),(286,'3','Voluptatem labore at optio sit eveniet ipsam impedit. Perferendis necessitatibus quia hic eius in officiis blanditiis. Officiis ipsam omnis rerum quam qui deleniti.',175,14),(287,'1','',190,20),(288,'1','',144,15),(289,'3','Quia nihil asperiores quo amet laudantium aliquid. Molestiae consequatur recusandae quas vel incidunt pariatur ut dicta. Earum aperiam iure quia dolor ut sint ducimus delectus.',90,40),(290,'2','',236,51),(291,'3','',124,48),(292,'1','Voluptate eaque laborum et est. Corrupti dicta aut in iusto autem qui. Earum vel commodi unde eveniet illum.',59,68),(293,'1','Commodi cumque qui quia temporibus aut architecto dolorum. Odio ullam necessitatibus quia sit voluptatem reiciendis. Sint non temporibus est ut. Eaque et quia voluptatum eum id corporis.',58,39),(294,'1','Aut et alias ipsam magni sit. Numquam sed ut quis et. Sapiente qui modi voluptates alias sed aut. Qui esse et eos dolorum.',118,30),(295,'5','Velit sapiente vel aut dolorum. Aut aliquid sint quas sint. Repellat sit vero et repellendus. Quidem alias magni totam.',30,2),(296,'5','Commodi ut perferendis explicabo quo magnam. Est eveniet facilis maiores non nihil rerum qui.',291,16),(297,'5','Cum praesentium voluptate beatae earum mollitia. Et at sed quidem quis et eum.\nAmet nostrum beatae ipsa sint fugiat laboriosam autem dignissimos. Sit velit tenetur impedit ut dolorum.',268,41),(298,'4','',30,34),(299,'1','',252,84),(300,'3','',138,47);
/*!40000 ALTER TABLE `feedback` ENABLE KEYS */;
UNLOCK TABLES;

--
-- Table structure for table `issue`
--

DROP TABLE IF EXISTS `issue`;
/*!40101 SET @saved_cs_client     = @@character_set_client */;
/*!50503 SET character_set_client = utf8mb4 */;
CREATE TABLE `issue` (
  `id` int NOT NULL AUTO_INCREMENT,
  `description` varchar(255) NOT NULL,
  PRIMARY KEY (`id`)
) ENGINE=InnoDB AUTO_INCREMENT=31 DEFAULT CHARSET=utf8mb4 COLLATE=utf8mb4_0900_ai_ci;
/*!40101 SET character_set_client = @saved_cs_client */;

--
-- Dumping data for table `issue`
--

LOCK TABLES `issue` WRITE;
/*!40000 ALTER TABLE `issue` DISABLE KEYS */;
INSERT INTO `issue` VALUES (1,'Slow internet connection'),(2,'Billing discrepancy'),(3,'Software installation issue'),(4,'Lost password'),(5,'Hardware malfunction'),(6,'Service outage'),(7,'Mobile app not working'),(8,'Network connectivity problem'),(9,'Email delivery failure'),(10,'Website not accessible'),(11,'Print job errors'),(12,'Account login issue'),(13,'Virus or malware attack'),(14,'Device setup problem'),(15,'Data loss'),(16,'Navigation errors'),(17,'Phone call dropouts'),(18,'Streaming quality issues'),(19,'GPS not working'),(20,'System crashes'),(21,'Software compatibility problem'),(22,'Device overheating'),(23,'Lost data during update'),(24,'Email attachment issues'),(25,'Website security breach'),(26,'Printer not responding'),(27,'Mobile app crashing'),(28,'Network latency problems'),(29,'Forgotten account credentials'),(30,'GPS signal interference');
/*!40000 ALTER TABLE `issue` ENABLE KEYS */;
UNLOCK TABLES;

--
-- Table structure for table `service`
--

DROP TABLE IF EXISTS `service`;
/*!40101 SET @saved_cs_client     = @@character_set_client */;
/*!50503 SET character_set_client = utf8mb4 */;
CREATE TABLE `service` (
  `id` int NOT NULL AUTO_INCREMENT,
  `name` varchar(100) NOT NULL,
  `price` decimal(6,2) NOT NULL,
  PRIMARY KEY (`id`),
  CONSTRAINT `service_chk_1` CHECK ((`price` >= 0))
) ENGINE=InnoDB AUTO_INCREMENT=31 DEFAULT CHARSET=utf8mb4 COLLATE=utf8mb4_0900_ai_ci;
/*!40101 SET character_set_client = @saved_cs_client */;

--
-- Dumping data for table `service`
--

LOCK TABLES `service` WRITE;
/*!40000 ALTER TABLE `service` DISABLE KEYS */;
INSERT INTO `service` VALUES (1,'Technical Support',2999.99),(2,'Internet Package',49.99),(3,'Software Installation',19.99),(4,'Password Recovery',9.99),(5,'Hardware Repair',79.99),(6,'Network Troubleshooting',39.99),(7,'Email Services',14.99),(8,'Website Maintenance',24.99),(9,'Anti-virus Protection',29.99),(10,'Device Setup',34.99),(11,'Data Recovery',49.99),(12,'Navigation Services',19.99),(13,'Phone Call Troubleshooting',14.99),(14,'Streaming Assistance',9.99),(15,'GPS Services',24.99),(16,'System Optimization',39.99),(17,'Billing Support',14.99),(18,'Account Assistance',19.99),(19,'Virus Removal',29.99),(20,'Device Configuration',34.99),(21,'Software Compatibility Fix',14.99),(22,'Device Cooling Service',29.99),(23,'Data Recovery after Update',39.99),(24,'Email Attachment Support',9.99),(25,'Website Security Consultation',59.99),(26,'Printer Troubleshooting',19.99),(27,'Mobile App Crash Resolution',24.99),(28,'Network Latency Optimization',34.99),(29,'Account Recovery Assistance',14.99),(30,'GPS Signal Enhancement',19.99);
/*!40000 ALTER TABLE `service` ENABLE KEYS */;
UNLOCK TABLES;

--
-- Table structure for table `staff`
--

DROP TABLE IF EXISTS `staff`;
/*!40101 SET @saved_cs_client     = @@character_set_client */;
/*!50503 SET character_set_client = utf8mb4 */;
CREATE TABLE `staff` (
  `id` int NOT NULL AUTO_INCREMENT,
  `salary` decimal(7,2) NOT NULL,
  `hire_date` date NOT NULL,
  `contact_info_id` int NOT NULL,
  PRIMARY KEY (`id`),
  UNIQUE KEY `contact_info_id` (`contact_info_id`),
  CONSTRAINT `staff_ibfk_1` FOREIGN KEY (`contact_info_id`) REFERENCES `contact_info` (`id`),
  CONSTRAINT `staff_chk_1` CHECK ((`salary` > 0))
) ENGINE=InnoDB AUTO_INCREMENT=101 DEFAULT CHARSET=utf8mb4 COLLATE=utf8mb4_0900_ai_ci;
/*!40101 SET character_set_client = @saved_cs_client */;

--
-- Dumping data for table `staff`
--

LOCK TABLES `staff` WRITE;
/*!40000 ALTER TABLE `staff` DISABLE KEYS */;
INSERT INTO `staff` VALUES (1,5094.00,'1979-12-14',681),(2,87142.00,'2007-09-04',513),(3,460.00,'2019-04-26',990),(4,44471.00,'1979-10-16',926),(5,42923.00,'1985-10-23',728),(6,15485.00,'2018-02-26',797),(7,7600.00,'2005-01-05',855),(8,70248.00,'1988-03-19',710),(9,6086.00,'2006-06-24',501),(10,92827.00,'1987-10-25',746),(11,92111.00,'2008-08-23',861),(12,6017.00,'2003-11-27',801),(13,11315.00,'1993-05-19',976),(14,97316.00,'1997-09-25',838),(15,8571.00,'1988-09-03',616),(16,29103.00,'2001-07-21',909),(17,58518.00,'2000-05-29',719),(18,52326.00,'2001-06-10',698),(19,8484.00,'1983-11-26',547),(20,93825.00,'2019-04-28',556),(21,1745.00,'1985-09-05',693),(22,35092.00,'2012-05-13',632),(23,56882.00,'1976-10-27',911),(24,89338.00,'1995-03-14',905),(25,88440.00,'1975-01-10',878),(26,66201.00,'2000-04-13',827),(27,61288.00,'1997-03-06',800),(28,11339.00,'2023-02-15',588),(29,30671.00,'2002-08-08',744),(30,85341.00,'1977-09-26',934),(31,33393.00,'1977-09-21',994),(32,55246.00,'2017-10-13',571),(33,56997.00,'2020-12-26',853),(34,29142.00,'1985-03-21',961),(35,10503.00,'1979-03-12',781),(36,11023.00,'1983-11-03',545),(37,17866.00,'1975-08-21',789),(38,99200.00,'2000-09-16',971),(39,56131.00,'1995-04-02',510),(40,80610.00,'1989-09-06',701),(41,58743.00,'1990-07-09',996),(42,43421.00,'2005-10-13',540),(43,49374.00,'2006-12-20',779),(44,28711.00,'1976-10-06',783),(45,23249.00,'1998-08-11',575),(46,11223.00,'2021-02-07',924),(47,61258.00,'1985-12-22',595),(48,32135.00,'1993-08-23',686),(49,25859.00,'2019-04-08',532),(50,87454.00,'2003-09-13',854),(51,64474.00,'1994-04-16',727),(52,83792.00,'1983-11-01',869),(53,82421.00,'1999-01-03',750),(54,38405.00,'2020-05-10',504),(55,20426.00,'1991-06-22',774),(56,92933.00,'2009-08-03',640),(57,57213.00,'2003-01-03',674),(58,46443.00,'2013-09-19',642),(59,92412.00,'1991-06-23',562),(60,52744.00,'1972-08-21',809),(61,92384.00,'1988-11-15',865),(62,64577.00,'1971-09-19',581),(63,78767.00,'1994-02-04',814),(64,45178.00,'1988-01-25',706),(65,36059.00,'2006-01-26',829),(66,19299.00,'2022-08-10',541),(67,94427.00,'1978-12-06',612),(68,89526.00,'1976-11-29',683),(69,29540.00,'1986-02-08',726),(70,44551.00,'2011-07-08',708),(71,91177.00,'1987-04-29',927),(72,75197.00,'1997-07-11',977),(73,19149.00,'2018-04-28',850),(74,94843.00,'1994-03-22',918),(75,15998.00,'2008-04-19',888),(76,84748.00,'1997-06-14',645),(77,76235.00,'1993-05-05',622),(78,85708.00,'2011-07-31',558),(79,71477.00,'2005-12-25',820),(80,57224.00,'2012-02-26',782),(81,75750.00,'1976-07-14',546),(82,33429.00,'2006-12-15',648),(83,70923.00,'1997-02-03',872),(84,91590.00,'1980-08-13',619),(85,95775.00,'2019-03-17',890),(86,73886.00,'1984-07-01',864),(87,42234.00,'2015-12-03',972),(88,48207.00,'2015-01-07',637),(89,5095.00,'1978-08-28',818),(90,60473.00,'1973-06-21',703),(91,94307.00,'2020-06-27',754),(92,2983.00,'1997-01-20',522),(93,72960.00,'1988-04-27',535),(94,6295.00,'2012-02-23',661),(95,41260.00,'1981-11-25',609),(96,8708.00,'2007-10-02',780),(97,85664.00,'1998-06-13',822),(98,12358.00,'1989-10-13',834),(99,78228.00,'1970-06-27',512),(100,20518.00,'1987-01-16',723);
/*!40000 ALTER TABLE `staff` ENABLE KEYS */;
UNLOCK TABLES;

--
-- Table structure for table `supervisor`
--

DROP TABLE IF EXISTS `supervisor`;
/*!40101 SET @saved_cs_client     = @@character_set_client */;
/*!50503 SET character_set_client = utf8mb4 */;
CREATE TABLE `supervisor` (
  `id` int NOT NULL AUTO_INCREMENT,
  `staff_id` int NOT NULL,
  PRIMARY KEY (`id`),
  UNIQUE KEY `staff_id` (`staff_id`),
  CONSTRAINT `supervisor_ibfk_1` FOREIGN KEY (`staff_id`) REFERENCES `staff` (`id`)
) ENGINE=InnoDB AUTO_INCREMENT=16 DEFAULT CHARSET=utf8mb4 COLLATE=utf8mb4_0900_ai_ci;
/*!40101 SET character_set_client = @saved_cs_client */;

--
-- Dumping data for table `supervisor`
--

LOCK TABLES `supervisor` WRITE;
/*!40000 ALTER TABLE `supervisor` DISABLE KEYS */;
INSERT INTO `supervisor` VALUES (1,1),(2,2),(3,3),(4,4),(5,5),(6,6),(7,7),(8,8),(9,9),(10,10),(11,11),(12,12),(13,13),(14,14),(15,15);
/*!40000 ALTER TABLE `supervisor` ENABLE KEYS */;
UNLOCK TABLES;
/*!40103 SET TIME_ZONE=@OLD_TIME_ZONE */;

/*!40101 SET SQL_MODE=@OLD_SQL_MODE */;
/*!40014 SET FOREIGN_KEY_CHECKS=@OLD_FOREIGN_KEY_CHECKS */;
/*!40014 SET UNIQUE_CHECKS=@OLD_UNIQUE_CHECKS */;
/*!40101 SET CHARACTER_SET_CLIENT=@OLD_CHARACTER_SET_CLIENT */;
/*!40101 SET CHARACTER_SET_RESULTS=@OLD_CHARACTER_SET_RESULTS */;
/*!40101 SET COLLATION_CONNECTION=@OLD_COLLATION_CONNECTION */;
/*!40111 SET SQL_NOTES=@OLD_SQL_NOTES */;

-- Dump completed on 2024-01-21 15:38:04
